,,,,,,,,,,,,,,,,,,,,,,,,,,,,,,,
Country,1989,1990,1991,1992,1993,1994,1995,1996,1997,1998,1999,2000,2001,2002,2003,2004,2005,2006,2007,2008,2009,2010,2011,2012,2013,2014,2015,2016,2017,2018,2019
Africa,,,,,,,,,,,,,,,,,,,,,,,,,,,,,,,
North Africa,,,,,,,,,,,,,,,,,,,,,,,,,,,,,,,
Algeria,854.3,904.3,565.1,1053.3,1276.9,1334.9,1234.7,1452.4,1752.4,1911.0,1826.5,1881.2,2091.6,2100.6,2206.4,2802.2,2924.8,3094.0,3945.8,5172.3,5280.6,5671.3,8652.2,9326.3,10161.6,9724.4,10412.7,10217.1,10073.4,9583.7,10303.6
Libya,. .,. .,. .,. .,. .,. .,. .,. .,1252.0,1443.6,1153.5,1085.5,819.7,452.5,541.4,685.1,690.9,614.4,639.1,1100.1,. .,. .,. .,2987.4,3964.7,3755.7,. .,. .,. .,. .,. .
Morocco,990.6,1069.7,1148.4,1228.5,1251.8,1365.3,1437.9,1447.1,1400.9,1445.0,1207.5,859.2,1470.3,1474.9,1819.2,1937.5,2031.1,2134.6,2408.4,2945.0,3055.1,3160.8,3342.7,3402.7,4065.6,4048.6,3268.4,3327.0,3461.5,3696.9,3721.3
Tunisia,234.1,247.9,260.4,289.7,276.2,297.1,342.9,397.5,358.2,365.8,357.0,332.4,335.6,345.4,407.4,444.7,468.5,497.2,490.7,578.9,564.8,571.2,715.2,681.2,759.4,908.4,979.5,987.7,858.9,844.2,1000.6
Sub-Saharan,,,,,,,,,,,,,,,,,,,,,,,,,,,,,,,
Angola,1948.6,1751.2,1031.2,794.1,1774.4,595.0,233.8,159.7,456.8,170.3,1066.6,583.6,404.3,438.7,670.0,817.5,1365.1,1970.3,2032.4,3163.6,3311.2,3500.8,3639.5,4144.6,6090.8,6846.2,3608.3,2764.1,3062.9,1983.6,1470.9
Benin,28.5,32.8,. .,. .,. .,. .,. .,. .,. .,. .,17.8,14.5,13.1,26.0,34.5,41.8,44.7,46.8,. .,64.7,. .,. .,. .,78.2,86.0,93.0,90.9,79.6,116.1,90.2,68.1
Botswana,102.8,156.3,172.3,178.0,185.7,170.4,165.9,140.6,160.5,181.1,169.6,184.7,210.3,223.5,301.0,314.0,283.8,272.9,306.5,332.4,330.1,348.7,363.3,326.9,306.4,346.3,383.7,514.5,522.4,498.1,515.9
Burkina Faso,66.8,84.5,69.5,71.1,60.5,30.3,36.9,37.1,38.5,39.5,41.7,36.7,36.8,42.5,50.8,65.7,73.8,72.6,107.8,117.0,127.3,123.7,138.9,147.7,166.1,177.2,147.9,149.5,191.1,305.8,357.9
Burundi,37.9,39.6,42.8,39.0,36.3,41.9,42.1,50.9,61.9,58.7,50.6,42.3,53.2,44.9,43.4,44.9,49.6,44.7,46.3,43.9,. .,. .,. .,59.0,60.9,62.2,66.2,66.5,63.9,65.4,64.7
Cameroon,146.9,180.6,178.2,183.8,168.2,94.5,113.6,116.9,118.7,137.2,144.7,123.0,124.3,145.6,188.5,221.1,223.1,256.9,296.7,346.6,343.3,354.1,347.5,354.4,392.8,401.5,353.8,387.4,408.2,429.9,422.3
Cape Verde,. .,. .,. .,3.6,2.7,3.4,6.2,4.3,4.1,4.5,5.0,6.8,4.6,4.5,5.8,6.5,7.1,7.0,7.9,10.8,8.4,8.2,9.8,9.7,9.8,10.0,8.9,10.2,9.4,10.7,9.7
Central African Rep.,. .,. .,21.6,23.2,19.1,10.7,13.0,12.2,. .,. .,. .,. .,. .,10.7,15.0,15.1,15.4,. .,19.1,31.5,36.0,51.6,49.9,42.7,47.9,38.4,26.7,26.8,27.5,30.5,32.4
Chad,56.4,34.3,. .,35.3,39.2,22.2,20.0,24.8,16.6,16.1,21.0,21.3,26.2,34.3,40.9,50.5,55.5,223.0,389.1,611.4,738.9,615.8,609.7,. .,726.5,392.4,221.0,309.6,219.1,253.2,234.7
"Congo, Republic of ",. .,. .,. .,125.6,109.5,. .,. .,. .,. .,. .,. .,. .,54.4,70.7,93.8,124.3,100.9,126.6,168.1,207.7,. .,218.4,. .,. .,367.1,704.9,. .,501.8,371.9,292.3,300.0
"Congo, Dem. Rep.",67.5,45.9,43.9,85.5,469.2,. .,. .,89.3,83.8,26.6,149.3,132.9,. .,. .,78.7,137.6,165.2,205.1,205.2,160.0,122.4,183.7,238.8,332.5,374.5,341.2,491.3,395.7,295.2,295.3,352.7
Côte d’Ivoire,129.7,144.0,144.2,156.8,148.6,84.1,. .,102.7,93.5,. .,. .,. .,. .,. .,213.0,250.8,249.9,267.4,323.6,368.9,420.1,387.7,357.3,407.6,430.0,521.3,569.7,602.5,501.6,607.8,536.0
Djibouti,31.1,31.1,31.8,33.6,31.1,30.7,29.6,24.5,26.6,26.7,26.8,26.0,26.0,33.3,41.8,37.4,44.8,49.5,34.5,36.3,. .,. .,. .,. .,. .,. .,. .,. .,. .,. .,. .
Equatorial Guinea,. .,. .,. .,. .,. .,2.4,3.4,. .,. .,. .,. .,. .,. .,. .,. .,. .,. .,. .,196.3,292.8,371.9,. .,. .,. .,. .,166.5,137.3,139.2,136.2,149.5,. .
Eritrea,xxx,xxx,xxx,xxx,107.7,80.2,125.0,152.3,92.8,263.0,272.9,230.7,166.6,150.8,181.6,. .,. .,. .,. .,. .,. .,. .,. .,. .,. .,. .,. .,. .,. .,. .,. .
Ethiopia,781.5,785.0,529.0,255.3,163.9,148.7,122.5,126.5,225.4,458.5,703.7,617.5,349.8,288.9,278.7,311.0,342.1,345.7,360.1,388.2,339.6,303.6,332.4,366.5,345.1,414.5,442.5,490.2,499.8,512.0,544.8
Gabon,. .,. .,. .,. .,. .,. .,. .,. .,. .,. .,. .,91.3,90.0,94.7,108.4,125.1,118.1,130.2,. .,. .,. .,268.7,266.0,278.1,282.2,208.1,170.4,202.8,267.4,261.2,266.9
Gambia,2.7,3.5,4.0,3.5,2.6,2.3,2.9,3.9,4.2,4.0,3.5,3.3,2.5,2.3,2.0,1.9,3.0,2.8,4.5,17.2,7.1,. .,. .,11.2,10.4,14.6,14.3,. .,. .,11.5,14.5
Ghana,22.6,27.6,41.4,41.7,41.0,37.8,49.1,44.4,45.5,57.5,59.3,50.9,32.4,37.0,53.2,56.4,64.2,75.7,126.1,113.7,118.3,122.5,234.3,337.3,255.0,252.7,190.5,161.8,189.1,218.4,233.3
Guinea,. .,. .,71.8,55.7,44.0,45.9,. .,. .,44.4,45.0,55.2,46.0,87.7,98.1,84.1,81.0,. .,. .,. .,. .,. .,. .,. .,168.9,196.8,196.9,221.4,161.9,181.6,197.1,195.1
Guinea-Bissau,4.4,. .,. .,. .,. .,2.0,2.2,1.9,1.8,2.9,. .,9.5,6.2,6.4,7.5,. .,12.1,. .,. .,. .,13.7,17.1,17.5,24.5,21.7,21.5,17.0,15.7,19.0,. .,. .
Kenya,228.6,246.5,191.9,156.0,105.7,117.3,149.1,170.8,175.8,172.0,151.9,165.6,195.4,213.9,245.9,259.8,316.8,375.8,494.7,580.0,578.1,622.0,646.7,840.1,860.6,819.0,843.7,933.1,1015.4,1113.6,1148.4
Lesotho,22.6,24.2,22.3,24.2,22.1,25.9,34.4,28.3,28.7,27.8,34.1,30.6,23.4,19.6,27.4,31.4,33.6,35.2,39.8,27.4,47.4,70.7,58.2,53.2,47.9,47.7,44.0,41.5,52.6,51.1,44.8
Liberia,. .,. .,25.0,22.7,30.5,39.3,. .,. .,. .,. .,. .,. .,. .,. .,. .,3.2,8.0,3.9,3.5,3.9,7.2,8.5,13.3,15.2,15.1,14.5,14.8,14.7,13.3,13.7,16.6
Madagascar,30.2,37.9,34.7,23.1,37.8,27.6,27.2,49.4,52.5,50.4,45.0,47.2,65.0,57.7,72.5,54.5,54.0,53.9,81.9,103.3,71.0,56.9,72.0,68.6,71.9,69.7,58.9,59.4,66.9,73.3,76.6
Malawi,22.8,24.3,23.7,25.2,25.7,17.1,11.0,20.2,26.4,14.5,14.4,11.7,12.7,14.8,13.1,22.0,38.2,31.1,33.6,44.5,58.8,50.0,52.8,46.2,62.9,49.5,40.8,35.7,47.4,58.4,68.0
Mali,46.1,52.2,. .,. .,44.5,29.9,40.5,39.7,40.3,41.0,43.9,43.7,44.9,49.4,66.8,77.4,86.5,96.0,110.4,142.9,144.4,146.8,161.1,148.9,153.8,218.1,309.2,362.4,460.2,481.7,474.3
Mauritania,38.9,40.2,39.4,39.4,30.2,29.5,32.0,37.9,41.6,25.6,32.0,37.9,51.9,36.3,62.4,. .,66.7,81.9,. .,123.3,114.8,. .,. .,142.3,144.2,144.8,132.9,136.1,143.8,159.0,162.4
Mauritius,6.3,9.2,10.5,11.4,10.8,11.9,13.4,13.0,9.8,8.5,9.0,9.4,9.0,9.5,10.9,10.9,10.9,10.8,11.6,15.6,15.3,14.9,17.5,16.7,23.2,19.7,17.1,22.0,22.6,23.0,22.6
Mozambique,79.1,84.6,71.8,59.6,59.4,72.9,33.5,36.0,42.0,49.3,56.5,55.4,50.6,53.5,59.8,77.6,62.2,57.4,68.6,83.7,84.3,99.2,118.9,139.1,157.9,173.8,134.0,110.5,129.3,169.6,136.8
Namibia,xxx,. .,144.8,124.6,70.2,57.0,68.2,66.5,83.7,78.9,105.8,92.4,96.8,88.0,129.4,167.0,192.1,199.6,228.2,266.3,299.5,396.5,443.6,412.2,390.0,537.5,518.2,425.4,456.1,455.6,410.4
Niger,. .,. .,. .,. .,. .,17.5,18.4,17.4,17.3,22.0,23.6,20.1,24.8,20.7,24.6,31.6,32.8,. .,. .,53.6,53.0,66.9,83.9,148.9,106.1,145.6,. .,166.2,200.2,229.6,171.9
Nigeria,170.7,277.3,243.7,173.7,289.2,319.7,639.4,701.4,818.8,1149.7,491.7,368.6,570.6,896.9,587.5,640.0,674.2,776.1,971.3,1615.5,1504.5,1990.1,2384.9,2316.5,2418.8,2357.7,2065.6,1723.2,1621.2,2043.1,1860.3
Rwanda,41.6,95.1,105.3,88.6,89.4,40.5,56.4,73.7,77.3,87.1,80.9,61.3,56.9,51.1,45.2,41.2,45.0,54.6,55.6,67.7,75.3,74.5,75.4,79.8,82.5,90.9,103.6,107.3,115.7,119.0,121.4
Senegal,99.6,118.2,110.0,109.8,119.9,66.1,80.9,79.8,70.8,75.1,78.3,62.4,68.9,74.4,96.9,107.6,124.4,148.6,192.8,216.9,214.8,195.7,230.2,196.7,236.7,239.9,214.8,304.8,305.4,385.1,349.0
Seychelles,13.0,14.8,16.6,20.5,12.9,11.9,11.6,10.5,11.4,10.5,11.1,10.3,11.1,11.7,12.2,15.9,14.7,14.4,15.2,11.1,8.7,7.2,8.7,9.9,13.8,30.9,18.1,21.9,21.5,22.6,23.8
Sierra Leone,14.4,12.4,23.2,26.7,23.3,26.5,25.0,18.6,9.5,. .,. .,23.3,29.9,27.1,28.5,23.0,23.6,28.0,29.1,23.6,26.4,25.1,25.5,29.8,31.7,48.8,39.2,37.4,39.6,29.6,25.6
Somalia,8.6,. .,. .,. .,. .,. .,. .,. .,. .,. .,. .,. .,. .,. .,. .,. .,. .,. .,. .,. .,. .,. .,. .,. .,26.1,60.3,46.6,47.7,61.8,77.4,78.9
South Africa,4181.9,4364.5,3874.4,3677.4,3254.3,3478.6,3292.4,2591.8,2414.1,1905.7,1738.0,1891.7,1802.3,1766.1,2574.2,3099.1,3567.0,3506.1,3525.7,3285.9,3592.7,4188.2,4594.2,4489.6,4118.2,3892.5,3488.9,3169.8,3637.7,3670.4,3465.1
South Sudan,xxx,xxx,xxx,xxx,xxx,xxx,xxx,xxx,xxx,xxx,xxx,xxx,xxx,xxx,xxx,xxx,xxx,551.5,588.0,896.4,609.9,650.9,1052.7,988.2,982.0,1301.5,1151.9,135.3,72.4,149.1,86.5
Sudan,. .,1177.8,1365.8,183.7,258.0,226.2,138.8,106.3,97.7,260.0,429.6,587.3,388.1,484.6,398.1,1240.8,1165.0,1647.8,2427.1,3228.0,3180.5,. .,. .,. .,. .,. .,2279.6,2748.5,4383.0,1047.9,722.3
eSwatini,8.7,14.2,16.0,21.0,23.7,25.8,28.8,26.5,25.7,25.7,25.9,24.5,19.7,18.3,31.9,42.7,59.5,58.5,61.9,66.7,75.9,102.0,106.6,90.6,86.0,81.4,73.5,80.5,87.8,90.8,87.1
Tanzania,105.3,87.2,108.1,96.9,58.7,58.4,85.5,101.0,118.6,134.3,128.5,135.1,150.7,140.8,125.3,127.6,139.5,147.4,166.2,194.0,219.5,282.7,307.5,359.7,443.4,507.3,517.1,544.2,611.2,698.9,797.7
Togo,41.9,50.7,45.9,49.1,50.1,25.4,30.9,. .,. .,. .,. .,. .,. .,. .,28.8,31.7,33.2,. .,. .,57.0,55.1,56.8,59.0,62.9,72.4,83.1,70.0,82.0,88.4,104.4,170.6
Uganda,139.8,107.0,73.6,52.3,62.6,104.1,127.0,135.4,139.6,154.7,159.7,141.3,136.2,142.2,152.4,196.0,216.7,218.5,252.1,311.9,293.5,608.7,607.1,351.8,300.1,325.7,306.1,318.6,346.8,408.4,645.8
Zambia,167.6,139.3,86.2,97.8,51.1,62.9,55.3,37.8,43.4,. .,56.1,. .,. .,. .,. .,98.3,139.5,205.9,232.3,278.1,221.0,280.2,309.1,346.3,381.3,443.6,372.4,299.5,339.7,378.0,293.3
Zimbabwe,408.6,416.3,376.1,296.4,249.8,247.9,262.9,291.7,311.4,306.0,263.4,346.3,286.7,677.0,194.8,256.1,131.4,161.7,. .,. .,. .,98.3,198.4,318.3,356.7,368.1,376.7,358.1,340.5,420.4,546.9
Belize,4.4,4.8,4.7,5.3,6.1,7.9,8.1,8.0,9.4,. .,. .,7.1,7.5,7.8,8.6,9.5,10.7,12.3,13.8,18.7,17.3,15.3,15.4,15.2,17.8,19.9,19.7,21.7,23.0,23.2,23.3
Costa Rica,0.0,0.0,0.0,0.0,0.0,0.0,0.0,0.0,0.0,0.0,0.0,0.0,0.0,0.0,0.0,0.0,0.0,0.0,0.0,0.0,0.0,0.0,0.0,0.0,0.0,0.0,0.0,0.0,0.0,0.0,0.0
Cuba,. .,. .,. .,. .,. .,. .,. .,. .,. .,. .,. .,. .,. .,. .,296.9,62.0,78.6,76.6,83.4,89.1,92.5,94.3,93.7,126.9,119.4,125.6,118.4,123.7,122.6,128.6,. .
Dominican Rep.,53.5,47.8,33.9,63.1,96.0,101.0,84.4,107.0,150.7,159.1,175.0,246.8,305.9,271.7,155.8,152.9,272.2,259.2,274.8,333.5,320.9,354.9,348.6,396.2,383.4,437.6,458.0,479.7,533.1,593.7,615.4
El Salvador,213.0,163.9,145.1,134.2,116.5,109.3,111.6,110.8,112.2,110.8,114.7,110.4,150.7,161.7,126.6,128.0,132.9,142.1,165.6,173.0,189.9,201.0,220.7,224.3,237.5,233.9,247.7,247.6,260.9,294.6,319.5
Guatemala,151.6,132.2,119.3,153.8,144.4,153.0,158.3,141.4,132.1,139.8,123.8,157.8,196.8,158.4,178.8,114.9,104.5,130.5,135.9,166.5,147.4,169.8,197.4,224.4,249.8,245.7,252.5,290.9,275.0,273.1,344.5
Haiti,2.2,2.7,2.6,1.7,1.6,1.6,2.5,. .,. .,. .,. .,. .,. .,. .,. .,. .,. .,. .,. .,. .,. .,. .,. .,. .,0.1,0.1,0.1,0.1,0.1,0.1,0.1
Honduras,138.0,67.1,47.4,. .,40.6,. .,. .,. .,. .,. .,. .,52.5,63.0,63.6,82.2,60.6,62.6,75.6,95.9,132.4,156.8,170.2,200.4,212.3,294.9,314.1,356.3,363.3,398.5,385.3,404.0
Jamaica,40.9,38.6,31.9,47.2,44.5,34.2,35.3,41.8,54.9,47.6,45.1,43.6,46.4,56.9,54.8,54.5,59.3,72.6,83.5,130.7,114.8,115.6,133.6,137.6,128.4,121.3,123.9,137.6,143.5,209.7,252.3
Mexico,1153.4,1210.9,1459.1,1824.6,2123.0,2635.3,1562.6,1882.9,2184.1,2263.2,2652.9,3031.5,3229.5,3172.3,2960.5,2854.4,3123.5,3035.1,4223.0,4334.7,4514.2,4789.0,5498.5,5717.0,6473.1,6758.7,5468.8,5336.9,5062.1,5839.5,6536.4
Nicaragua,. .,1142.5,67.7,47.2,40.2,35.4,35.1,31.5,30.3,26.3,26.9,30.8,28.2,34.8,35.3,32.6,34.1,37.3,39.5,42.7,41.7,44.3,51.5,70.1,74.5,81.4,98.9,85.1,86.7,81.6,82.6
Panama,101.9,73.1,78.6,78.8,95.2,101.0,96.6,101.2,118.0,104.0,111.6,0.0,0.0,0.0,0.0,0.0,0.0,0.0,0.0,0.0,0.0,0.0,0.0,0.0,0.0,0.0,0.0,0.0,0.0,0.0,0.0
Trinidad & Tobago,. .,. .,. .,. .,22.6,24.2,. .,. .,. .,. .,. .,. .,13.9,19.5,33.7,75.9,97.8,115.6,124.8,139.1,138.5,143.1,146.1,168.8,211.2,188.9,202.1,216.3,201.8,162.1,166.4
Canada,10747.1,11414.6,11338.5,10788.8,10268.8,9577.4,9176.9,8615.9,7945.1,7748.6,8210.8,8299.4,8375.6,8495.4,9958.2,11336.5,12988.1,14809.9,17417.1,19342.1,18936.2,19315.7,21393.7,20452.1,18515.7,17853.7,17937.6,17782.8,22269.7,22729.3,22197.6
USA,321866.6,325129.3,299372.8,325033.7,316719.4,308084.0,295853.1,287960.7,293167.8,290996.1,298094.9,320086.3,331805.6,378463.1,440532.1,492999.4,533203.0,558335.0,589586.0,656756.0,705917.0,738005.0,752288.0,725205.0,679229.0,647789.0,633829.6,639856.4,646752.9,682491.4,731751.4
Argentina,1440.9,2050.9,2858.8,3254.5,3368.6,3754.7,3802.0,3379.1,3340.7,3398.7,3461.7,3266.6,3183.6,1114.2,1374.9,1465.8,1699.6,1847.6,2296.4,2789.0,2981.9,3475.3,4051.9,4563.2,5138.0,4979.4,5482.6,4509.6,5459.6,3842.9,3143.3
Bolivia,101.7,137.1,143.6,141.4,109.9,134.6,140.8,147.0,180.2,228.7,176.7,173.2,184.4,160.4,173.4,168.9,169.3,179.5,221.3,327.2,345.8,327.4,403.6,499.9,564.4,625.9,575.5,552.4,574.1,618.8,598.5
Brazil,8761.5,9236.3,6694.7,4993.8,7099.9,10591.5,14318.9,14073.2,13934.3,14357.4,9867.0,11344.0,10930.2,9664.6,8392.9,9780.1,13588.6,16404.9,20485.8,24452.9,25648.8,34002.9,36936.2,33987.0,32874.8,32659.6,24617.7,24224.7,29283.1,28177.4,26945.9
Chile,988.9,1031.5,1038.0,1168.9,1291.1,1466.0,1828.0,1904.1,2120.7,2112.4,2043.1,2103.5,1893.1,1779.6,2068.0,2687.3,3100.4,3855.4,4022.5,4641.9,3902.2,4894.1,5686.8,5466.1,5529.9,5102.8,4630.8,4796.0,5370.0,5545.8,5182.2
Colombia,865.2,890.0,911.5,1102.4,1529.4,2005.1,2619.3,4318.6,2988.7,3389.8,3247.3,3027.9,3264.4,3347.5,3278.4,4056.9,4914.2,5326.7,6775.8,9051.1,9033.2,10422.1,10306.6,11706.3,12503.8,11846.0,9127.2,8676.0,10018.0,10134.7,10084.4
Ecuador,189.0,202.0,209.0,211.0,276.0,291.0,475.0,419.0,499.0,549.0,296.0,266.0,384.0,505.0,739.0,710.0,954.0,950.0,1310.0,1646.0,1949.0,2094.0,2453.7,2589.8,2735.8,2786.5,2597.5,2513.2,2462.7,2549.4,2467.8
Guyana,6.0,3.6,2.0,3.6,4.4,5.5,5.7,5.6,. .,. .,. .,12.6,14.4,16.7,16.3,22.1,18.5,19.2,25.0,30.5,31.1,31.1,32.4,33.5,35.2,39.3,46.4,51.6,59.5,62.2,67.8
Paraguay,98.1,112.2,197.6,169.6,157.9,161.1,206.9,202.0,168.0,139.3,116.6,110.2,91.3,69.9,63.5,84.5,77.5,106.6,132.4,168.2,168.5,204.6,285.1,320.9,371.2,398.4,386.5,343.2,348.2,386.6,402.7
Peru,862.7,777.1,697.7,904.6,956.6,1111.2,1413.5,1396.5,1178.8,1141.8,992.2,912.0,904.2,839.6,891.3,922.0,1203.0,1291.1,1332.7,1503.7,1848.6,2178.9,2355.2,2858.0,3305.5,3217.6,3312.2,2536.1,2665.8,2648.7,2724.9
Uruguay,297.8,328.4,268.6,367.0,418.9,450.4,523.9,575.7,575.2,573.2,574.3,556.0,523.0,344.3,269.5,279.3,347.3,392.8,416.0,567.7,577.1,755.7,824.8,924.6,1045.1,1034.5,969.9,988.2,1165.7,1271.1,1146.3
Venezuela,1196.3,737.9,983.7,992.9,1288.0,939.7,1198.8,733.2,1541.0,1451.0,1408.1,1788.3,1911.4,1071.4,987.9,1448.7,2665.4,3630.1,4351.6,5660.5,4055.4,3991.2,3577.5,5114.8,6199.7,1554.7,320.5,218.2,464.8,. .,. .
Kazakhstan,xxx,xxx,xxx,. .,. .,106.9,177.7,241.8,236.8,242.6,143.9,143.5,221.5,246.0,317.6,426.4,592.0,793.0,1359.8,1540.8,1271.9,1501.8,1804.0,2177.5,2551.1,2306.5,2046.2,1281.1,1390.6,1572.4,1766.4
Kyrgyzstan,xxx,xxx,xxx,. .,. .,12.1,26.7,28.3,31.2,26.1,23.1,25.8,22.2,25.9,32.6,37.2,39.7,47.2,50.9,61.1,67.2,77.2,86.4,107.5,119.0,128.0,117.0,115.6,121.5,127.1,124.1
Tajikistan,xxx,xxx,xxx,1.0,23.5,14.2,5.8,13.5,19.1,22.6,15.1,10.4,12.5,25.6,34.8,45.1,. .,. .,. .,52.5,47.5,53.8,71.3,76.3,. .,104.3,95.8,. .,. .,. .,. .
Turkmenistan,xxx,xxx,xxx,. .,. .,79.6,135.6,48.5,106.2,87.5,111.9,. .,. .,. .,. .,. .,. .,. .,. .,. .,. .,. .,. .,. .,. .,. .,. .,. .,. .,. .,. .
Uzbekistan,xxx,xxx,xxx,. .,. .,86.9,112.7,172.2,217.7,. .,250.1,115.4,59.8,45.9,54.1,. .,. .,. .,. .,. .,. .,. .,. .,. .,. .,. .,. .,. .,. .,1440.4,. .
China,11403.5,10085.1,9953.6,12420.3,12577.2,10050.6,12606.2,14563.2,16104.9,17528.0,21027.3,22929.8,27875.4,32137.7,35126.3,40352.7,45918.9,55337.5,68011.6,86362.1,105644.2,115711.8,137967.3,157390.4,179880.5,200772.2,214471.5,216404.3,228466.3,253491.5,261081.9
Japan,27966.4,28800.5,32785.4,35999.1,41353.9,45285.6,49961.7,44047.1,40634.8,37849.0,43122.9,45509.7,40758.0,39333.7,42486.2,45339.8,44300.6,41552.6,40530.0,46361.5,51465.2,54655.5,60762.2,60011.5,49023.9,46903.5,42106.1,46471.3,45387.0,46618.0,47609.0
"Korea, North",. .,. .,. .,. .,. .,. .,. .,. .,. .,. .,. .,. .,. .,. .,. .,. .,. .,. .,. .,. .,. .,. .,. .,. .,. .,824.4,869.6,912.6,961.5,1604.4,. .
"Korea, South",9469.0,10110.7,10956.5,11614.7,12377.4,13519.3,16085.1,16408.7,14848.5,10458.0,12095.2,13801.1,12941.9,14101.7,15847.0,17829.9,22159.5,25177.2,27726.1,26072.4,24575.7,28175.2,30991.7,31951.8,34311.2,37552.3,36570.8,36885.3,39170.7,43070.0,43890.9
Mongolia,. .,. .,110.8,33.0,14.1,16.4,21.3,21.6,18.7,19.9,18.0,24.3,23.1,25.3,24.3,27.7,29.8,39.2,56.6,66.7,37.6,54.9,87.2,113.6,103.5,105.1,101.7,96.4,87.5,96.1,99.7
Taiwan,8142.2,8701.1,9304.5,10071.1,11653.5,11953.4,11470.2,11765.2,11325.1,9231.6,9568.9,8800.6,7982.2,7531.5,7472.8,7833.2,8011.3,7645.0,8157.2,8960.2,9122.8,9092.3,9998.2,10496.8,9964.3,9802.4,9803.3,9663.7,10480.0,10504.8,10420.4
South Asia,,,,,,,,,,,,,,,,,,,,,,,,,,,,,,,
Afghanistan,. .,. .,. .,. .,. .,. .,. .,. .,. .,. .,. .,. .,. .,. .,. .,125.1,122.7,131.3,219.6,240.5,251.9,298.1,325.8,238.6,217.2,268.2,199.5,185.9,191.4,198.1,226.9
Bangladesh,378.8,373.0,381.7,427.7,471.0,547.4,620.1,639.0,681.9,701.6,737.4,740.8,705.5,681.8,719.4,770.6,773.7,829.7,953.5,1030.0,1258.8,1624.6,1801.5,1823.4,2048.0,2356.0,2815.3,3239.8,3266.0,3692.3,4358.1
India,10589.8,10537.0,8622.5,8083.2,8253.5,8880.6,9754.5,9904.7,11464.9,11920.6,13895.6,14287.5,14600.6,14749.7,16334.0,20238.6,23072.3,23951.9,28254.8,33002.4,38722.2,46090.4,49633.8,47216.9,47403.5,50914.1,51295.5,56637.6,64559.4,66257.8,71125.0
Nepal,36.3,37.9,35.4,37.6,37.0,39.3,39.8,39.5,42.6,42.3,47.5,51.4,64.7,85.4,102.9,130.7,159.3,157.2,169.6,187.1,209.7,255.0,284.5,256.7,281.0,328.1,323.8,356.5,436.7,429.4,428.7
Pakistan,2580.1,2810.1,3067.1,3388.8,3308.8,3320.6,3665.9,3547.8,3320.2,3218.9,3080.8,2973.1,2842.0,3273.4,3722.8,4128.2,4587.1,4969.2,5342.6,5226.7,5274.6,5974.6,6954.8,7479.0,7645.5,8654.9,9483.5,9973.8,11461.3,11528.9,10256.1
Sri Lanka,125.7,187.0,277.4,326.8,354.8,437.0,763.7,767.1,698.8,733.4,631.0,822.1,675.0,571.7,541.7,619.3,644.2,791.5,1054.8,1511.4,1522.2,1532.0,1751.9,1474.9,1600.8,1914.6,2057.9,1741.5,1866.5,1681.4,1666.5
South-East Asia,,,,,,,,,,,,,,,,,,,,,,,,,,,,,,,
Brunei,186.1,231.2,245.4,251.7,233.9,261.9,285.7,328.4,369.1,294.0,258.4,244.2,217.7,226.2,243.4,199.4,248.6,293.4,323.1,362.0,349.8,390.7,415.4,411.3,412.1,527.8,424.0,403.4,346.7,357.7,414.7
Cambodia,. .,29.1,43.3,62.3,44.6,107.3,123.1,113.6,103.4,83.3,88.2,81.0,70.8,65.2,67.5,69.2,71.0,75.9,79.0,82.6,136.6,167.9,192.2,217.3,243.5,278.0,325.2,382.1,463.8,543.2,604.2
Indonesia,1409.6,1614.0,1697.0,1887.6,1933.3,2239.7,2478.8,2874.8,3231.4,972.7,1135.1,1129.5,919.0,1369.9,2134.7,2428.9,2146.3,2611.9,3348.8,3232.2,3304.5,4663.4,5838.0,6531.1,8384.0,6929.2,7595.0,7396.6,8797.5,7556.8,7664.9
Laos,. .,. .,. .,102.3,107.6,116.1,103.7,78.4,67.1,33.4,15.4,13.7,12.6,11.4,11.0,11.5,12.0,13.4,14.8,16.3,14.0,15.4,19.0,20.3,22.7,. .,. .,. .,. .,. .,. .
Malaysia,1019.3,1125.0,1572.0,1766.5,1923.4,2120.6,2444.1,2421.0,2089.1,1158.7,1663.3,1533.2,1934.5,2237.9,2881.6,2823.2,3120.3,3266.2,3970.5,4411.8,3964.8,3854.3,4692.5,4507.3,4915.7,4919.2,4532.1,4169.4,3494.8,3469.8,3769.0
Myanmar,550.2,814.0,942.7,1370.5,2061.8,2802.0,3932.1,4675.4,4780.5,5873.1,6950.1,9030.6,9464.4,11000.4,24189.1,29853.9,32954.3,. .,. .,. .,. .,. .,. .,. .,. .,. .,. .,. .,. .,. .,. .
Philippines,954.9,951.5,913.2,1078.8,1173.0,1392.2,1700.4,1879.3,1576.4,1225.6,1341.0,1303.1,1122.1,1199.1,1301.3,1243.2,1372.7,1607.3,2014.4,2270.9,2115.8,2438.2,2701.5,2898.7,3377.0,3103.1,3335.6,3331.5,4096.3,2842.6,3471.6
Singapore,1410.5,1801.9,2022.8,2332.1,2481.4,2797.2,3672.8,4100.2,4457.3,4466.3,4493.2,4330.7,4309.1,4528.1,4723.7,5043.4,5463.8,5830.5,6518.5,7454.3,7537.8,8108.9,8922.3,9171.9,9345.7,9596.6,9383.8,9873.3,10178.7,10835.2,11211.1
Thailand,1939.7,2214.0,2598.3,2961.8,3156.3,3611.1,3849.0,3938.0,3264.8,2110.2,2056.8,1881.0,1724.8,1813.0,1891.5,1866.9,1984.5,2441.9,3522.6,4466.0,4799.7,4962.4,5513.0,5491.9,5901.3,5729.8,5724.8,5876.3,6320.7,6876.1,7314.9
Timor-Leste,xxx,xxx,xxx,xxx,xxx,xxx,xxx,xxx,xxx,xxx,xxx,xxx,xxx,. .,. .,. .,8.2,17.1,23.7,23.7,36.5,26.4,20.5,33.4,31.7,29.6,37.0,26.2,25.4,20.6,34.4
Viet Nam,458.6,512.0,427.6,333.0,297.7,431.3,. .,. .,. .,. .,. .,. .,. .,. .,841.9,915.1,1026.4,1286.5,1784.2,2137.6,2401.5,2672.3,2686.5,. .,. .,. .,. .,. .,. .,. .,. .
Oceania,,,,,,,,,,,,,,,,,,,,,,,,,,,,,,,
Australia,6300.0,6704.2,7023.5,6882.1,6733.8,7459.7,7665.9,8202.8,7936.9,7107.5,7770.3,7273.8,7043.1,7946.8,9926.6,11995.2,13237.8,14239.8,17186.4,18633.1,18960.1,23217.7,26597.2,26216.6,24825.3,25783.7,24046.2,26382.9,27691.1,26839.8,25912.4
Fiji,29.1,30.5,32.5,30.5,32.0,33.7,34.7,32.9,31.0,22.6,23.8,32.0,32.8,30.9,37.3,46.8,43.1,54.1,75.6,53.6,51.3,50.4,60.8,59.2,58.1,74.8,42.6,54.4,75.3,83.1,83.5
New Zealand,959.6,1057.7,989.0,870.4,866.8,979.5,1146.4,1238.3,1180.9,969.4,970.3,858.4,796.6,865.8,1132.8,1285.2,1389.8,1464.0,1714.0,1661.2,1623.0,1930.7,2080.1,2094.9,2134.1,2274.1,1943.8,2093.4,2328.2,2525.0,2927.0
Papua New Guinea,53.1,68.7,52.6,58.6,68.6,83.3,56.4,78.7,79.6,49.7,35.7,33.6,25.2,17.0,19.3,24.4,30.5,31.3,39.3,39.3,52.0,46.3,64.2,110.6,105.1,112.4,99.8,79.1,80.9,80.0,80.8
Albania,. .,. .,. .,31.6,39.3,49.6,50.9,45.7,29.8,33.6,42.8,45.4,53.2,58.6,76.1,100.9,110.1,141.0,194.8,255.7,182.7,185.9,197.0,183.2,180.0,178.1,132.4,130.9,144.4,175.9,197.5
Bosnia-Herzegovina,xxx,xxx,xxx,. .,. .,. .,. .,. .,. .,. .,. .,. .,. .,241.0,202.3,200.1,173.3,178.4,195.0,233.3,242.5,219.9,211.9,197.3,197.6,190.4,162.2,157.9,156.3,172.1,183.2
Bulgaria,2071.4,794.5,232.2,255.8,282.7,242.0,311.1,213.6,244.4,320.4,357.2,351.3,406.0,456.0,569.1,620.9,667.7,715.7,990.2,1161.5,905.0,832.5,757.9,722.1,811.6,747.5,632.5,670.6,720.0,961.3,2127.1
Croatia,xxx,xxx,xxx,782.0,1168.9,1625.2,2060.4,1938.7,1797.2,1427.3,1035.9,659.8,629.5,733.7,709.4,730.9,799.2,849.4,978.9,1296.0,1129.1,1015.9,1106.5,955.3,957.0,1063.5,883.2,836.7,920.8,966.4,1009.2
Czechia,xxx,xxx,xxx,xxx,815.6,938.3,1065.4,1123.9,988.3,1166.1,1205.9,1157.3,1182.5,1494.4,1885.7,2042.1,2439.5,2450.0,2707.7,2918.7,2718.6,2497.9,2474.3,2220.6,2148.8,2022.9,1779.9,1954.9,2077.7,2710.0,2910.3
Czechoslovakia,. .,2334.3,. .,. .,xxx,xxx,xxx,xxx,xxx,xxx,xxx,xxx,xxx,xxx,xxx,xxx,xxx,xxx,xxx,xxx,xxx,xxx,xxx,xxx,xxx,xxx,xxx,xxx,xxx,xxx,xxx
Estonia,xxx,xxx,xxx,. .,13.1,25.1,36.3,41.4,53.0,59.9,73.8,78.3,93.8,122.1,171.4,205.0,204.5,236.3,372.0,429.7,353.4,332.2,389.2,436.9,479.3,512.1,463.6,497.7,537.4,606.7,656.1
German DR,. .,xxx,xxx,xxx,xxx,xxx,xxx,xxx,xxx,xxx,xxx,xxx,xxx,xxx,xxx,xxx,xxx,xxx,xxx,xxx,xxx,xxx,xxx,xxx,xxx,xxx,xxx,xxx,xxx,xxx,xxx
Hungary,812.6,847.4,722.5,812.0,735.9,757.1,612.2,585.3,696.0,618.5,702.9,715.9,845.1,1079.2,1401.6,1532.6,1596.1,1410.1,1776.5,1867.9,1475.8,1350.8,1472.1,1322.3,1280.1,1209.8,1132.5,1288.7,1463.0,1791.5,1904.4
Kosovo,xxx,xxx,xxx,xxx,xxx,xxx,xxx,xxx,xxx,xxx,xxx,xxx,xxx,xxx,xxx,xxx,xxx,xxx,xxx,0.9,27.2,38.6,51.0,43.4,48.6,53.6,50.0,51.9,57.3,63.3,65.7
Latvia,xxx,xxx,xxx,. .,17.7,33.9,43.6,38.2,38.0,42.2,56.6,70.0,87.0,147.2,189.1,229.4,272.6,367.8,481.5,581.8,363.8,259.7,296.8,255.7,283.6,295.7,282.7,404.6,482.5,723.5,709.8
Lithuania,xxx,xxx,xxx,. .,20.8,21.1,30.5,42.3,75.6,138.2,106.5,140.4,166.9,181.5,210.8,270.8,303.8,351.6,442.0,541.4,404.8,326.3,344.6,328.6,354.9,426.9,471.2,635.4,812.1,1056.4,1083.7
Montenegro,xxx,xxx,xxx,xxx,xxx,xxx,xxx,xxx,xxx,xxx,xxx,xxx,xxx,xxx,xxx,xxx,60.8,62.3,64.2,85.1,76.7,75.1,79.4,67.7,64.8,67.5,56.9,61.7,65.7,78.9,89.3
North Macedonia,xxx,xxx,xxx,,,,,130.6,83.3,79.0,66.2,69.8,226.3,106.3,115.8,135.3,127.0,126.0,162.6,172.7,158.7,130.0,132.5,119.4,126.5,124.2,100.0,103.5,100.8,119.6,151.2
Poland,1493.9,1540.7,1722.0,1881.9,2123.4,2251.9,2719.4,3083.4,3192.3,3491.0,3226.6,3146.1,3630.6,3776.2,4150.3,4778.6,5896.4,6619.4,8589.1,9349.4,7903.8,8790.2,9455.4,8986.8,9275.7,10345.2,10212.8,9164.2,9870.7,12040.7,11902.5
Romania,2572.1,1739.0,1377.2,831.6,722.5,936.7,983.1,874.5,1074.8,1254.2,955.3,935.6,985.7,1056.1,1250.3,1530.2,1976.0,2251.5,2607.7,3000.4,2225.1,2086.2,2379.9,2102.9,2452.5,2691.5,2580.6,2644.2,3622.1,4359.0,4945.0
Serbia,xxx,xxx,xxx,. .,. .,. .,. .,. .,914.4,642.1,737.5,337.1,494.1,678.5,730.6,739.2,629.5,705.1,971.6,1111.6,974.3,872.3,987.0,853.6,919.8,913.4,724.2,710.4,801.7,817.7,1143.8
Slovakia,xxx,xxx,xxx,xxx,266.9,300.0,629.6,641.6,499.5,397.6,327.2,342.3,394.0,440.1,624.5,711.3,823.3,911.4,1139.2,1411.7,1350.3,1137.7,1064.8,1020.2,967.9,997.7,985.9,1003.0,1049.1,1296.0,1865.2
Slovenia,xxx,xxx,xxx,281.4,230.3,237.9,334.7,330.0,290.8,301.1,274.8,222.4,271.5,327.0,416.9,493.2,514.2,608.8,692.7,829.4,798.9,772.1,665.7,543.5,506.7,486.2,400.8,449.2,473.8,529.5,568.7
Yugoslavia,. .,. .,. .,xxx,xxx,xxx,xxx,xxx,xxx,xxx,xxx,xxx,xxx,xxx,xxx,xxx,xxx,xxx,xxx,xxx,xxx,xxx,xxx,xxx,xxx,xxx,xxx,xxx,xxx,xxx,. .
Eastern Europe,,,,,,,,,,,,,,,,,,,,,,,,,,,,,,,
Armenia,xxx,xxx,xxx,. .,9.8,. .,52.2,52.4,64.1,66.8,68.2,68.1,66.2,64.1,76.6,98.1,140.7,188.2,280.1,396.0,359.5,395.0,390.9,380.6,444.6,457.8,447.4,431.4,443.6,608.9,673.3
Azerbaijan,xxx,xxx,xxx,11.1,77.5,43.9,66.2,71.6,92.1,107.3,120.3,119.6,132.0,139.9,176.6,228.2,304.5,717.1,946.6,1607.8,1472.9,1476.6,3080.1,3246.1,3367.6,3427.2,2900.6,1397.0,1528.9,1672.2,1854.2
Belarus,xxx,xxx,xxx,. .,. .,. .,179.1,182.8,249.4,227.6,165.9,140.3,177.7,204.4,231.6,314.3,452.7,631.8,746.9,883.0,675.4,767.7,756.3,817.1,971.1,1010.8,723.7,597.2,631.1,715.2,780.1
Georgia,xxx,xxx,xxx,. .,. .,. .,. .,67.7,44.0,41.1,25.9,18.8,23.8,34.0,42.6,70.4,214.1,404.2,931.8,1090.2,603.7,454.2,468.8,492.0,441.9,415.6,299.5,315.2,312.2,327.4,316.1
Moldova,xxx,xxx,xxx,. .,. .,. .,13.3,15.4,17.4,10.6,6.0,5.1,6.0,7.0,8.2,9.4,12.0,16.4,22.7,36.8,24.9,18.3,23.0,23.9,26.7,27.6,23.1,27.4,30.9,37.4,44.5
Russia,xxx,xxx,xxx,. .,7766.7,13547.9,12741.6,15826.3,17577.4,7955.7,6469.0,9228.2,11683.2,13943.8,16973.7,20955.4,27337.0,34517.8,43535.0,56183.8,51532.1,58720.2,70237.5,81469.4,88352.9,84696.5,66418.3,69245.3,66527.3,61387.5,65102.6
Ukraine,xxx,xxx,xxx,. .,123.4,683.6,779.3,1009.6,1449.7,912.2,620.8,696.4,741.7,872.4,1104.8,1322.2,1680.1,2085.9,2860.9,3360.3,2320.4,2587.4,2502.3,2835.9,2895.0,2997.2,2959.6,2943.8,3246.8,4169.7,5228.9
USSR,218759.7,219114.1,. .,xxx,xxx,xxx,xxx,xxx,xxx,xxx,xxx,xxx,xxx,xxx,xxx,xxx,xxx,xxx,xxx,xxx,xxx,xxx,xxx,xxx,xxx,xxx,xxx,xxx,xxx,xxx,xxx
Austria,1623.5,1972.7,1994.1,2139.9,2115.1,2227.6,2557.8,2457.9,2164.8,2159.8,2124.4,1925.6,1788.8,1881.7,2382.0,2679.3,2686.2,2640.2,3499.8,3746.7,3334.8,3218.4,3409.7,3187.2,3229.1,3305.2,2665.4,2885.9,3138.4,3388.0,3237.8
Belgium,3880.7,4644.3,4624.5,4131.3,3746.0,3944.1,4449.0,4241.9,3684.1,3664.3,3598.4,3190.8,3036.0,3147.1,3875.7,4262.7,4228.2,4307.9,5164.0,6295.8,5620.7,5244.7,5499.4,5169.0,5263.2,5191.5,4202.1,4255.5,4432.5,4840.5,4817.5
Cyprus,245.0,411.4,418.4,630.1,268.3,298.5,298.8,448.1,534.1,483.7,290.0,281.2,327.6,242.5,288.4,338.5,380.9,387.7,405.2,453.8,471.4,477.6,479.7,414.5,384.9,357.8,327.9,295.4,359.1,445.2,401.7
Denmark,2183.7,2649.9,2671.9,2837.7,2682.0,2718.8,3118.0,3086.2,2804.3,2846.1,2784.9,2392.5,2525.2,2694.1,3199.2,3578.8,3468.5,3896.7,4175.7,4788.0,4337.4,4503.5,4518.6,4422.5,4216.6,4056.9,3364.0,3592.7,3764.0,4558.7,4556.8
Finland,1766.6,2141.3,2201.0,2076.0,1615.4,1756.3,1909.0,2021.8,1947.0,1959.7,1653.9,1558.1,1479.3,1611.4,2475.1,2892.9,2999.4,3128.5,3296.6,3958.1,3940.6,3717.2,4099.5,3943.2,4161.1,3985.5,3399.1,3415.0,3431.1,3756.9,3971.1
France,29665.5,35774.4,35869.1,37902.3,35775.3,37288.6,40124.0,38977.7,34697.9,33633.6,32672.7,28403.1,27951.6,30578.4,38569.1,44524.6,44442.1,45792.1,50684.5,55366.0,56441.5,52044.1,54120.9,50216.5,52001.5,53134.8,45647.5,47370.6,49195.7,51409.8,50118.9
Germany,32141.7,40477.0,37796.5,40139.4,35595.4,34749.1,39367.4,37293.0,31771.9,31703.9,31185.0,26924.9,26231.7,28056.6,33529.4,36353.5,36397.9,36434.6,41116.1,46459.9,46119.8,44853.0,46765.5,44470.3,44865.7,44216.1,37020.1,39724.9,42365.8,46511.6,49276.8
Greece,2560.3,3193.4,3146.9,3623.1,3364.4,3587.2,4179.9,4613.2,4573.5,4824.3,5012.3,4564.5,4428.1,4734.2,5035.6,6267.5,7028.4,7607.2,8533.1,10574.1,10641.3,8163.6,7128.6,5915.0,5655.2,5531.3,4818.1,4963.5,5088.2,5757.1,5471.6
Iceland,0.0,0.0,0.0,0.0,0.0,0.0,0.0,0.0,0.0,0.0,0.0,0.0,0.0,0.0,0.0,0.0,0.0,0.0,0.0,0.0,0.0,0.0,0.0,0.0,0.0,0.0,0.0,0.0,0.0,0.0,0.0
Ireland,434.2,594.0,624.9,674.0,597.7,633.7,702.0,751.0,765.3,742.4,741.5,694.7,767.8,811.3,965.2,1101.9,1145.0,1190.4,1372.2,1582.9,1415.7,1274.2,1300.3,1157.5,1195.8,1192.7,997.0,1001.6,1025.1,1107.1,1112.7
Italy,17675.5,20734.6,21585.7,22177.1,18242.0,18062.5,17185.9,20793.1,20156.1,20825.1,21016.5,19878.7,19519.4,21610.1,26824.2,30261.1,29737.6,29633.0,31982.4,36840.0,34054.5,32020.8,33828.8,29781.0,29957.4,27701.0,22180.8,25033.0,26447.9,27807.5,26790.4
Luxembourg,76.0,96.7,107.7,123.2,108.1,126.0,142.3,141.5,134.1,143.1,140.8,128.2,160.3,153.4,198.6,234.7,243.7,247.1,286.1,236.7,223.0,274.1,257.0,237.5,258.7,279.0,276.1,260.7,357.7,393.2,428.8
Malta,21.3,21.2,21.7,26.7,24.6,27.9,31.1,33.3,31.1,29.1,28.0,25.4,27.1,28.4,34.1,40.5,52.5,44.4,49.3,56.0,59.1,58.7,55.9,49.9,53.8,56.5,51.8,59.7,64.2,66.9,83.6
Netherlands,6399.2,7420.8,7246.2,7904.6,7054.9,7137.4,8011.5,7829.0,6839.1,6836.1,7026.4,5971.8,6200.4,6728.2,8356.3,9377.1,9567.0,10217.8,11480.4,12374.8,12131.8,11220.5,11647.9,10364.7,10226.3,10332.6,8667.8,9115.2,9580.7,11114.9,12059.6
Norway,2932.6,3394.9,3287.6,3803.7,3175.6,3403.3,3508.0,3537.0,3253.0,3324.9,3309.2,2922.3,2966.0,4065.9,4517.5,4887.4,4884.9,5011.7,5875.3,6370.9,6195.6,6498.7,7232.3,7144.0,7391.8,7336.8,5815.2,5997.4,6465.8,7067.1,7003.4
Portugal,1456.5,1875.1,2115.4,2532.6,2192.2,2173.6,2670.1,2600.8,2388.7,2335.6,2406.5,2204.3,2324.8,2602.2,3109.8,3719.4,4039.3,4066.8,4366.2,4812.1,4949.7,4718.9,4904.4,4137.3,4724.1,4111.5,3565.4,4133.1,3675.7,4420.2,4513.0
Spain,9302.9,11695.0,11680.3,12250.2,10041.5,10092.7,11439.9,11294.3,9865.9,10333.4,11113.7,10273.8,10222.1,10270.8,12880.5,15262.5,15997.7,17252.2,20065.7,22227.7,20178.3,19710.8,19695.4,18860.6,17243.0,17178.5,15188.9,14014.4,16043.5,17823.3,17176.7
Sweden,5033.0,6169.5,6219.5,6418.6,5011.2,5154.5,5729.8,6203.4,5203.2,5132.3,5148.7,4789.4,4128.0,4354.6,5305.6,5514.7,5518.5,5577.2,6386.2,6024.8,5063.0,5885.9,6324.7,6243.7,6528.7,6555.5,5387.1,5427.5,5526.6,5732.8,5920.1
Switzerland,3082.0,4056.4,4016.8,4138.0,3611.2,3899.3,4645.4,4239.4,3498.2,3494.3,3146.8,2800.1,2763.7,2882.7,3270.3,3503.8,3484.6,3329.0,3524.7,4098.5,4055.5,4115.4,4973.9,4592.2,5032.9,4612.8,4521.1,4571.3,4628.4,4654.7,5179.1
UK,33498.7,38943.8,42074.3,40774.9,34085.9,34493.5,34247.8,34490.9,35674.9,36866.3,36453.4,35254.8,35331.9,39659.5,46943.0,53970.3,55151.6,57483.0,65986.1,65619.5,57914.6,58082.8,60270.4,58495.7,56861.8,59182.9,53862.2,48118.9,46433.3,49892.1,48650.4
Bahrain,218.1,239.4,263.3,279.3,279.3,284.6,303.2,321.8,321.8,329.8,364.4,359.0,372.3,444.1,516.0,531.9,513.3,574.2,642.6,719.9,828.2,842.8,1033.5,1182.2,1347.6,1475.3,1442.0,1505.5,1532.7,1527.7,1404.8
Egypt,3516.3,2260.6,1345.8,1415.8,1526.2,1714.4,1948.9,2115.7,2267.7,2372.0,2448.0,2627.7,2834.3,2902.8,2383.9,2369.7,2659.4,2952.5,3306.9,3779.9,4017.4,4407.3,4464.0,4557.7,4359.8,5085.1,5475.5,4513.0,2765.6,3119.6,3743.7
Iran,16301.8,16474.4,17549.6,19732.6,1448.2,1703.2,2501.5,3551.0,4642.4,5479.4,6650.3,8327.1,10378.8,3243.9,3717.1,5243.6,6796.7,8751.5,9330.9,11082.0,12584.6,13561.3,14277.7,16494.0,11997.2,9901.1,10588.8,12264.0,13931.2,11230.9,12623.2
Iraq,. .,. .,. .,. .,. .,. .,. .,. .,. .,. .,. .,. .,. .,. .,. .,613.7,1120.3,1236.1,1989.9,3116.3,3237.2,3752.9,4278.6,4141.1,7780.2,6923.6,9604.2,5970.4,7416.4,6318.0,7598.8
Israel,5550.7,6528.8,9337.6,7313.4,7752.8,7772.2,7946.0,8499.4,8580.7,8095.6,7652.6,8327.5,8504.3,7981.5,8225.3,8605.1,8921.9,9315.3,11382.2,13803.7,12754.2,13875.2,15163.2,14600.7,16324.8,17810.0,16516.8,17488.2,19434.1,19759.2,20464.9
Jordan,382.9,322.4,433.3,367.7,391.1,407.9,299.8,417.5,444.3,496.5,512.0,529.3,528.9,521.9,611.8,586.7,603.7,701.6,1032.4,1358.4,1568.3,1557.9,1594.8,1472.8,1444.9,1548.9,1614.9,1769.4,1939.7,1957.7,2032.1
Kuwait,2076.4,8961.5,12924.4,6316.0,2980.1,3296.1,3692.4,3241.4,2454.3,2282.2,2286.4,2697.1,2685.7,2821.5,3130.7,3450.1,3509.4,3597.8,4115.7,4430.3,4208.9,4335.2,5393.5,5941.5,5698.1,5832.1,5735.1,6446.7,6764.6,7296.3,7709.8
Lebanon,. .,214.4,229.5,442.8,453.0,637.5,746.3,735.6,678.2,693.9,829.7,930.0,958.5,907.5,923.4,954.6,962.5,1009.0,1152.2,1169.5,1426.2,1585.4,1626.5,1757.2,1935.7,2270.1,2239.4,2606.5,2441.1,2775.6,2521.2
Oman,1171.5,1447.9,1254.8,1517.2,1439.9,1520.1,1513.8,1437.2,1482.1,1318.2,1340.4,1577.2,1819.9,1868.5,1969.3,2230.7,2739.0,3022.6,3244.6,3462.5,3367.5,3671.4,5000.7,9250.7,8766.3,8213.5,7533.6,7936.0,6802.7,7565.3,6729.5
Qatar,848.5,790.8,895.6,. .,. .,. .,. .,. .,. .,. .,. .,. .,. .,761.0,784.6,772.4,887.5,1065.7,1562.2,2317.5,1948.4,1876.8,. .,. .,. .,. .,. .,. .,. .,. .,. .
Saudi Arabia,12749.9,16355.5,16355.5,15360.3,16451.2,14279.7,13200.3,13340.0,18126.7,20861.6,18320.0,19964.3,21026.7,18501.9,18747.5,20910.4,25392.0,29580.5,35469.5,38222.9,41267.2,45244.5,48530.9,56497.9,67020.0,80762.4,87185.9,63672.8,70400.0,74400.0,61866.7
Syria,1483.7,1641.8,2893.8,2976.6,1426.1,1636.3,957.9,995.1,1046.9,1096.0,1127.6,897.0,1022.5,1102.9,1436.2,1388.5,1450.3,1435.2,1599.0,1732.4,2182.0,2346.0,2494.9,. .,. .,. .,. .,. .,. .,. .,. .
Turkey,3373.7,5315.4,5670.7,6157.9,7075.1,5293.2,6606.2,7512.1,7792.0,8781.0,9951.8,9993.7,7216.1,9050.4,10277.9,10920.8,12081.2,13036.5,14987.8,16809.6,16047.5,17650.5,17006.5,17694.3,18427.6,17576.6,15668.8,17827.7,17822.7,19648.7,20447.7
UAE,. .,. .,. .,. .,. .,. .,. .,. .,3335.8,4010.3,4233.1,5875.8,5798.0,5354.1,5834.7,6816.9,6604.2,7165.4,8461.0,11571.7,13836.4,17504.7,19181.8,19024.1,23561.1,22755.1,. .,. .,. .,. .,. .
Yemen,xxx,807.1,1028.2,1306.9,1535.5,2353.3,805.9,416.0,397.1,384.5,395.3,473.7,540.1,737.4,807.3,735.5,815.6,822.1,1050.5,1196.4,1420.8,1448.2,1612.3,1618.8,1648.8,1714.8,. .,. .,. .,. .,. .
"Yemen, North",. .,xxx,xxx,xxx,xxx,xxx,xxx,xxx,xxx,xxx,xxx,xxx,xxx,xxx,xxx,xxx,xxx,xxx,xxx,xxx,xxx,xxx,xxx,xxx,xxx,xxx,xxx,xxx,xxx,xxx,xxx
