,Country Name,1950,1951,1952,1953,1954,1955,1956,1957,1958,1959,1960,1961,1962,1963,1964,1965,1966,1967,1968,1969,1970,1971,1972,1973,1974,1975,1976,1977,1978,1979,1980,1981,1982,1983,1984,1985,1986,1987,1988,1989,1990,1991,1992,1993,1994,1995,1996,1997,1998,1999,2000,2001,2002,2003,2004,2005,2006,2007,2008,2009,2010,2011,2012,2013,2014,2015,2016,2017,2018,2019,Total,country,latitude,longitude,name,code3
0,Afghanistan,,,,,,4.0,3.0,92.0,254.0,405.0,40.0,56.0,64.0,40.0,56.0,91.0,198.0,230.0,145.0,92.0,9.0,149.0,124.0,,,90.0,230.0,75.0,283.0,360.0,352.0,382.0,294.0,236.0,368.0,153.0,287.0,563.0,1048.0,2154.0,1873.0,1411.0,,,,,,,,,,,34.0,,,35.0,3.0,41.0,150.0,344.0,377.0,660.0,521.0,235.0,288.0,116.0,176.0,252.0,361.0,391.0,16194,AF,33.93911,67.709953,Afghanistan,AFG
1,African Union**,,,,,,,,,,,,,,,,,,,,,,,,,,,,,,,,,,,,,,,,,,,,,,,,,,,,,,,,53.0,9.0,,10.0,,,,,2.0,,2.0,,,0.0,4.0,79,ET,9.145,40.489672999999996,African Union**,ETH
2,Albania,20.0,10.0,11.0,21.0,22.0,132.0,98.0,42.0,47.0,129.0,62.0,74.0,46.0,11.0,7.0,140.0,74.0,161.0,265.0,297.0,250.0,330.0,134.0,104.0,134.0,53.0,5.0,7.0,5.0,,,,,,,,,,,,,,,,,26.0,,,,,,,,2.0,,7.0,,5.0,,,,,15.0,7.0,7.0,7.0,,4.0,1.0,5.0,2773,AL,41.153332,20.168331,Albania,ALB
3,Algeria,,,,,,,,,,,,7.0,61.0,85.0,177.0,331.0,437.0,524.0,57.0,79.0,14.0,14.0,180.0,110.0,13.0,56.0,132.0,1077.0,1512.0,1853.0,1358.0,1280.0,1231.0,575.0,533.0,242.0,135.0,370.0,320.0,455.0,735.0,1035.0,20.0,20.0,182.0,295.0,83.0,37.0,98.0,370.0,408.0,542.0,249.0,195.0,242.0,159.0,340.0,509.0,1529.0,1075.0,834.0,1126.0,663.0,362.0,616.0,896.0,2899.0,962.0,1253.0,140.0,31096,DZ,28.033886,1.6596259999999998,Algeria,DZA
4,Amal (Lebanon)*,,,,,,,,,,,,,,,,,,,,,,,,,,,,,,,,,,,,29.0,31.0,,,,,,,,,,,,,,,,,,,,,,,,,,,,,,,,,,60,LB,33.854721000000005,35.862285,Amal (Lebanon)*,LBN
5,ANC (South Africa)*,,,,,,,,,,,,,,,,,,,,,,,,,,,,,,,,,,,,,,,0.0,,,,,,,,,,,,,,,,,,,,,,,,,,,,,,,,0,ZA,-30.559482,22.937506,ANC (South Africa)*,ZAF
6,Angola,,,,,,,,,,,,,,,,,,,,,,,,,1.0,242.0,184.0,105.0,146.0,111.0,155.0,241.0,379.0,576.0,482.0,531.0,705.0,1186.0,965.0,152.0,140.0,,,122.0,111.0,1.0,44.0,7.0,149.0,358.0,147.0,156.0,148.0,48.0,8.0,39.0,7.0,31.0,29.0,20.0,,,,31.0,2.0,47.0,142.0,108.0,270.0,166.0,8489,AO,-11.202691999999999,17.873887,Angola,AGO
7,Anti-Castro rebels (Cuba)*,,,,,,,,,,,,2.0,,,,,,,,,,,,,,,,,,,,,,,,,,,,,,,,,,,,,,,,,,,,,,,,,,,,,,,,,,,2,CU,21.521757,-77.78116700000001,Anti-Castro rebels (Cuba)*,CUB
8,Argentina,75.0,445.0,38.0,4.0,5.0,0.0,39.0,14.0,70.0,161.0,111.0,205.0,48.0,19.0,19.0,7.0,93.0,146.0,430.0,223.0,248.0,369.0,396.0,236.0,450.0,260.0,494.0,198.0,447.0,451.0,445.0,867.0,421.0,1322.0,685.0,450.0,229.0,224.0,71.0,14.0,169.0,,27.0,14.0,209.0,43.0,28.0,105.0,172.0,276.0,213.0,6.0,15.0,11.0,169.0,3.0,9.0,24.0,23.0,11.0,11.0,15.0,3.0,12.0,7.0,21.0,17.0,43.0,25.0,53.0,12161,AR,-38.416097,-63.616671999999994,Argentina,ARG
9,Armas (Guatemala)*,,,,,8.0,,,,,,,,,,,,,,,,,,,,,,,,,,,,,,,,,,,,,,,,,,,,,,,,,,,,,,,,,,,,,,,,,,8,GT,15.783470999999999,-90.23075899999999,Armas (Guatemala)*,GTM
10,Armenia,,,,,,,,,,,,,,,,,,,,,,,,,,,,,,,,,,,,,,,,,,,,2.0,181.0,47.0,70.0,,,2.0,,,,,118.0,,,1.0,,46.0,52.0,5.0,,16.0,,,110.0,18.0,,248.0,916,AM,40.069099,45.038189,Armenia,ARM
11,Australia,468.0,371.0,410.0,153.0,125.0,637.0,451.0,445.0,534.0,412.0,113.0,40.0,571.0,383.0,528.0,900.0,694.0,764.0,450.0,828.0,240.0,319.0,60.0,701.0,884.0,96.0,81.0,268.0,1019.0,191.0,404.0,449.0,131.0,633.0,626.0,515.0,819.0,592.0,743.0,693.0,352.0,213.0,365.0,449.0,262.0,64.0,597.0,35.0,542.0,673.0,338.0,1236.0,663.0,801.0,472.0,459.0,727.0,677.0,445.0,777.0,1511.0,1559.0,868.0,236.0,919.0,1464.0,1025.0,1671.0,1575.0,1399.0,41110,AU,-25.274398,133.775136,Australia,AUS
12,Austria,,,,2.0,,11.0,98.0,146.0,11.0,24.0,16.0,27.0,56.0,201.0,73.0,78.0,61.0,47.0,1.0,12.0,102.0,135.0,103.0,22.0,22.0,6.0,12.0,,8.0,72.0,195.0,73.0,97.0,145.0,13.0,28.0,19.0,7.0,117.0,84.0,5.0,6.0,5.0,9.0,40.0,24.0,10.0,182.0,228.0,48.0,25.0,15.0,69.0,42.0,56.0,24.0,4.0,269.0,190.0,286.0,7.0,8.0,8.0,6.0,2.0,1.0,13.0,8.0,4.0,14.0,3731,AT,47.516231,14.550072,Austria,AUT
13,Azerbaijan,,,,,,,,,,,,,,,,,,,,,,,,,,,,,,,,,,,,,,,,,,,,50.0,25.0,,,,,,3.0,,89.0,,4.0,53.0,159.0,213.0,33.0,145.0,155.0,557.0,339.0,404.0,612.0,335.0,274.0,275.0,322.0,25.0,4072,AZ,40.143105,47.576927000000005,Azerbaijan,AZE
14,Bahamas,,,,,,,,,,,,,,,,,,,,,,,,,,,,,11.0,,,,,,,,33.0,,,,2.0,3.0,,,,,,,,,33.0,,,,,3.0,,,,1.0,,,,,30.0,16.0,20.0,12.0,,,163,BS,25.03428,-77.39628,Bahamas,BHS
15,Bahrain,,,,,,,,,,,,,,,,1.0,1.0,,,,,0.0,7.0,0.0,1.0,,,2.0,9.0,8.0,19.0,40.0,59.0,10.0,131.0,55.0,134.0,250.0,137.0,71.0,362.0,68.0,42.0,1.0,8.0,71.0,51.0,198.0,9.0,,299.0,28.0,54.0,1.0,10.0,66.0,63.0,26.0,20.0,,103.0,1.0,26.0,72.0,1.0,17.0,26.0,28.0,65.0,16.0,2665,BH,25.930414000000003,50.637772,Bahrain,BHR
16,Bangladesh,,,,,,,,,,,,,,,,,,,,,,10.0,2.0,78.0,44.0,39.0,70.0,62.0,45.0,1.0,55.0,62.0,127.0,109.0,59.0,63.0,3.0,,241.0,301.0,187.0,79.0,113.0,44.0,61.0,119.0,7.0,26.0,1.0,186.0,203.0,280.0,33.0,8.0,32.0,10.0,221.0,88.0,13.0,,36.0,117.0,184.0,645.0,206.0,632.0,443.0,322.0,149.0,743.0,6557,BD,23.684994,90.35633100000001,Bangladesh,BGD
17,Barbados,,,,,,,,,,,,,,,,,,,,,,,,,,,,,,,,9.0,,,1.0,,,,,,,,,,,,,,,,,,,,,,,10.0,10.0,10.0,,,,,,,,,,,40,BB,13.193887,-59.543198,Barbados,BRB
18,Belarus,,,,,,,,,,,,,,,,,,,,,,,,,,,,,,,,,,,,,,,,,,,,,,,,,41.0,41.0,,,,,,6.0,140.0,,,3.0,,75.0,75.0,75.0,66.0,96.0,115.0,147.0,142.0,331.0,1354,BY,53.709807,27.953389,Belarus,BLR
19,Belgium,198.0,485.0,920.0,705.0,411.0,361.0,682.0,680.0,897.0,179.0,92.0,132.0,188.0,569.0,644.0,507.0,101.0,35.0,216.0,232.0,528.0,509.0,512.0,599.0,111.0,128.0,177.0,180.0,427.0,786.0,574.0,522.0,438.0,583.0,575.0,294.0,98.0,106.0,422.0,218.0,321.0,134.0,49.0,77.0,50.0,17.0,3.0,53.0,55.0,58.0,35.0,29.0,48.0,21.0,15.0,3.0,27.0,174.0,203.0,91.0,32.0,21.0,33.0,46.0,104.0,56.0,4.0,7.0,1.0,5.0,17795,BE,50.503887,4.469936,Belgium,BEL
20,Belize,,,,,,,,,,,,,,,,,,,,,,,,,,,,,,,,,,,0.0,,,,,,,,,,,,0.0,,,,1.0,,,,,,,,,,,,,,,,,,,,1,BZ,17.189877,-88.49765,Belize,BLZ
21,Benin,,,,,,,,,,,,2.0,1.0,,2.0,,1.0,,,,0.0,2.0,,1.0,,,,,26.0,6.0,,,10.0,3.0,1.0,3.0,,1.0,0.0,0.0,,,,,,,1.0,,,,,,7.0,,,,,3.0,,1.0,0.0,0.0,20.0,2.0,,,,,,,92,BJ,9.30769,2.315834,Benin,BEN
22,Bhutan,,,,,,,,,,,,,,,,,,,1.0,,,,,,,,,,,,,,,,,,,,,,,,,,,,,,,,,,,,0.0,,,,,,,,,,,1.0,1.0,,,,3,BT,27.514162,90.433601,Bhutan,BTN
23,Biafra,,,,,,,,,,,,,,,,,,8.0,,1.0,,,,,,,,,,,,,,,,,,,,,,,,,,,,,,,,,,,,,,,,,,,,,,,,,,,9,NG,9.081999,8.675277000000001,Biafra,NGA
24,Bolivia,,6.0,,,2.0,,,,26.0,3.0,6.0,4.0,2.0,4.0,2.0,1.0,1.0,14.0,16.0,1.0,2.0,2.0,13.0,10.0,20.0,33.0,16.0,1.0,11.0,49.0,39.0,26.0,6.0,,,18.0,13.0,,56.0,66.0,,11.0,25.0,16.0,9.0,2.0,,,,9.0,19.0,,,5.0,1.0,1.0,9.0,2.0,3.0,5.0,1.0,25.0,12.0,1.0,46.0,,27.0,7.0,1.0,34.0,741,BO,-16.290154,-63.588653,Bolivia,BOL
25,Bosnia-Herzegovina,,,,,,,,,,,,,,,,,,,,,,,,,,,,,,,,,,,,,,,,,,,,6.0,6.0,,58.0,70.0,2.0,25.0,,,,,,,,,,,,,,,,,,,,,167,BA,43.915886,17.679076000000002,Bosnia-Herzegovina,BIH
26,Botswana,,,,,,,,,,,,,,,,,,,,,,,,,,,,1.0,1.0,7.0,2.0,9.0,,,,4.0,,26.0,40.0,4.0,22.0,2.0,2.0,11.0,,11.0,32.0,71.0,2.0,,53.0,15.0,1.0,10.0,9.0,,,,,13.0,10.0,,6.0,8.0,,,5.0,3.0,4.0,2.0,387,BW,-22.328474,24.684866,Botswana,BWA
27,Brazil,,615.0,,133.0,113.0,379.0,55.0,152.0,140.0,129.0,237.0,212.0,62.0,128.0,25.0,150.0,57.0,218.0,236.0,110.0,219.0,181.0,514.0,602.0,256.0,539.0,582.0,554.0,895.0,407.0,367.0,64.0,75.0,92.0,125.0,89.0,140.0,234.0,129.0,745.0,150.0,168.0,90.0,58.0,313.0,248.0,545.0,473.0,239.0,365.0,121.0,631.0,223.0,110.0,86.0,224.0,179.0,189.0,180.0,156.0,311.0,306.0,328.0,223.0,209.0,219.0,109.0,100.0,272.0,169.0,16953,BR,-14.235004,-51.92528,Brazil,BRA
28,Brunei,,,,,,,,,,,,,,,,5.0,1.0,18.0,1.0,,5.0,18.0,2.0,1.0,15.0,1.0,0.0,,46.0,65.0,,8.0,12.0,85.0,60.0,,13.0,,,,3.0,3.0,,,,,17.0,31.0,7.0,5.0,,4.0,1.0,0.0,0.0,1.0,2.0,,,33.0,33.0,229.0,22.0,15.0,122.0,36.0,,,,,921,BN,4.535277,114.72766899999999,Brunei,BRN
29,Bulgaria,156.0,63.0,97.0,349.0,617.0,307.0,289.0,498.0,631.0,165.0,474.0,523.0,494.0,538.0,326.0,372.0,218.0,329.0,250.0,532.0,765.0,395.0,465.0,290.0,305.0,394.0,375.0,492.0,885.0,322.0,574.0,961.0,575.0,728.0,910.0,598.0,918.0,435.0,243.0,334.0,758.0,340.0,41.0,1.0,1.0,1.0,122.0,,,7.0,,,,2.0,12.0,132.0,22.0,48.0,116.0,119.0,8.0,29.0,5.0,,,3.0,,,,2.0,19961,BG,42.733883,25.48583,Bulgaria,BGR
30,Burkina Faso,,,,,,,,,,,,1.0,,,1.0,0.0,0.0,,0.0,1.0,1.0,1.0,,,,8.0,8.0,9.0,,,0.0,9.0,1.0,16.0,9.0,2.0,3.0,,12.0,,,2.0,,7.0,,,,,,0.0,,,,,,12.0,3.0,4.0,,2.0,0.0,15.0,4.0,,5.0,,7.0,2.0,23.0,7.0,174,BF,12.238333,-1.561593,Burkina Faso,BFA
31,Burundi,,,,,,,,,,,,,,,,,5.0,2.0,,3.0,,,,0.0,,,,,,,1.0,5.0,3.0,9.0,2.0,,,,,6.0,6.0,,,,,,,,,,,1.0,3.0,,,,,,,1.0,2.0,,5.0,,,1.0,2.0,,,,58,BI,-3.3730559999999996,29.918885999999997,Burundi,BDI
32,Cambodia,,,,,4.0,18.0,36.0,10.0,4.0,2.0,1.0,2.0,5.0,11.0,39.0,39.0,37.0,20.0,15.0,18.0,6.0,22.0,106.0,123.0,23.0,,,,43.0,,34.0,,,13.0,67.0,68.0,134.0,50.0,10.0,119.0,45.0,,,2.0,72.0,1.0,28.0,21.0,,,,,,,,,14.0,56.0,,4.0,34.0,,77.0,67.0,,,,,5.0,2.0,1508,KH,12.565679,104.990963,Cambodia,KHM
33,Cameroon,,,,,,,,,,,,0.0,,2.0,0.0,2.0,2.0,3.0,3.0,,,8.0,1.0,12.0,,,29.0,73.0,,1.0,,28.0,114.0,5.0,126.0,16.0,11.0,5.0,1.0,3.0,8.0,,3.0,,,,4.0,6.0,9.0,4.0,,7.0,6.0,,,5.0,2.0,,1.0,,10.0,,9.0,139.0,122.0,9.0,20.0,8.0,2.0,15.0,833,CM,7.369722,12.354722,Cameroon,CMR
34,Canada,264.0,300.0,1004.0,1890.0,1125.0,1274.0,721.0,764.0,244.0,368.0,171.0,1576.0,1231.0,1012.0,728.0,527.0,273.0,243.0,324.0,504.0,611.0,455.0,382.0,80.0,224.0,195.0,28.0,28.0,172.0,235.0,441.0,452.0,276.0,649.0,646.0,848.0,810.0,787.0,742.0,67.0,160.0,751.0,410.0,201.0,482.0,411.0,431.0,362.0,130.0,198.0,570.0,538.0,436.0,152.0,353.0,118.0,105.0,446.0,398.0,101.0,228.0,336.0,197.0,202.0,316.0,408.0,233.0,334.0,157.0,200.0,32030,CA,56.130366,-106.34677099999999,Canada,CAN
35,Central African Republic,,,,,,,,,,,,2.0,,,,1.0,2.0,,3.0,,,2.0,,0.0,,,,,0.0,,0.0,1.0,2.0,5.0,1.0,6.0,,,1.0,,,,1.0,,,,,,,,,,,,,,9.0,,0.0,,,7.0,,,,,,,1.0,,46,CF,6.611111,20.939444,Central African Republic,CAF
36,Chad,,,,,,,,,,,1.0,1.0,,,,0.0,,,,,,4.0,,3.0,9.0,10.0,8.0,3.0,,,10.0,,,33.0,9.0,1.0,22.0,21.0,9.0,57.0,,,,,3.0,1.0,,,7.0,7.0,,16.0,,,,,17.0,20.0,75.0,35.0,38.0,1.0,4.0,59.0,58.0,1.0,2.0,6.0,3.0,1.0,555,TD,15.454166,18.732207,Chad,TCD
37,Chile,1.0,247.0,19.0,10.0,40.0,5.0,90.0,28.0,32.0,20.0,312.0,46.0,19.0,127.0,34.0,57.0,84.0,140.0,62.0,13.0,57.0,198.0,51.0,278.0,299.0,195.0,413.0,58.0,155.0,136.0,145.0,148.0,344.0,140.0,450.0,10.0,174.0,156.0,90.0,141.0,130.0,111.0,173.0,88.0,82.0,342.0,178.0,296.0,87.0,207.0,202.0,60.0,74.0,187.0,70.0,449.0,1095.0,662.0,397.0,335.0,475.0,326.0,62.0,54.0,141.0,144.0,40.0,50.0,70.0,15.0,11625,CL,-35.675146999999996,-71.542969,Chile,CHL
38,China,2573.0,2197.0,3430.0,3144.0,3500.0,1730.0,2255.0,2126.0,2778.0,3159.0,2431.0,936.0,307.0,450.0,395.0,218.0,233.0,145.0,182.0,2.0,2.0,2.0,2.0,3.0,3.0,3.0,3.0,75.0,86.0,12.0,7.0,2.0,15.0,27.0,73.0,115.0,17.0,53.0,106.0,201.0,303.0,481.0,1225.0,1237.0,325.0,730.0,1545.0,951.0,403.0,1749.0,2521.0,2819.0,2875.0,2342.0,3284.0,3582.0,2862.0,1654.0,1856.0,1387.0,1020.0,1088.0,1604.0,1323.0,1063.0,1267.0,1142.0,1371.0,1633.0,887.0,79524,CN,35.86166,104.195397,China,CHN
39,Colombia,3.0,8.0,15.0,12.0,31.0,13.0,38.0,15.0,298.0,1.0,5.0,62.0,3.0,29.0,9.0,18.0,32.0,15.0,32.0,121.0,4.0,35.0,129.0,165.0,1.0,287.0,10.0,8.0,12.0,36.0,12.0,28.0,18.0,301.0,661.0,7.0,6.0,4.0,37.0,220.0,13.0,72.0,36.0,68.0,42.0,35.0,49.0,190.0,162.0,44.0,60.0,268.0,171.0,147.0,18.0,16.0,52.0,227.0,110.0,248.0,255.0,145.0,207.0,164.0,160.0,205.0,21.0,99.0,16.0,10.0,6051,CO,4.570868,-74.297333,Colombia,COL
40,Comoros,,,,,,,,,,,,,,,,,,,,,,,,,,,1.0,1.0,,,,,,,,,,1.0,,,,,,,,,,,,,,,,,,,,,6.0,,,,1.0,,,,,,,,9,KM,-11.875001,43.872219,Comoros,COM
41,Congo,,,,,,,,,,,1.0,1.0,,0.0,,0.0,,,1.0,24.0,9.0,27.0,2.0,,7.0,2.0,2.0,,35.0,25.0,17.0,3.0,11.0,25.0,25.0,3.0,,,28.0,44.0,44.0,,,,,,,27.0,0.0,1.0,0.0,,,,,4.0,1.0,0.0,,1.0,27.0,,23.0,12.0,13.0,2.0,,,,,447,CD,-4.038333000000001,21.758664000000003,Congo,COD
42,Costa Rica,,,,,,3.0,0.0,,,,,,,1.0,,,0.0,,,,,,,2.0,,3.0,,,6.0,2.0,1.0,,,,0.0,2.0,1.0,,,2.0,,,,3.0,,,,,,,,,,,,,,,,,,,1.0,,1.0,,,,,,27,CR,9.748917,-83.753428,Costa Rica,CRI
43,Cote d'Ivoire,,,,,,,,,,,,3.0,1.0,1.0,,,2.0,3.0,19.0,2.0,7.0,17.0,1.0,,18.0,,,22.0,16.0,38.0,55.0,18.0,,,9.0,,,,,2.0,,,0.0,,,2.0,,0.0,,2.0,0.0,,31.0,61.0,9.0,,,,,,,,,,5.0,5.0,5.0,14.0,9.0,14.0,392,CI,7.539989,-5.54708,Cote d'Ivoire,CIV
44,Croatia,,,,,,,,,,,,,,,,,,,,,,,,,,,,,,,,,,,,,,,,,,1.0,27.0,27.0,53.0,1.0,15.0,31.0,,,,57.0,2.0,24.0,8.0,,,19.0,99.0,4.0,11.0,19.0,19.0,,27.0,11.0,20.0,13.0,2.0,5.0,494,HR,45.1,15.2,Croatia,HRV
45,Cuba,,9.0,0.0,0.0,3.0,13.0,35.0,8.0,23.0,10.0,129.0,529.0,1307.0,284.0,248.0,130.0,232.0,162.0,155.0,155.0,155.0,162.0,462.0,430.0,418.0,200.0,317.0,615.0,509.0,416.0,353.0,995.0,981.0,775.0,423.0,352.0,281.0,73.0,167.0,94.0,169.0,159.0,,,,,,,,,,,,,8.0,,,,,,,,,,,,,,,,11943,CU,21.521757,-77.78116700000001,Cuba,CUB
46,Cyprus,,,,,,,,,,,,,,,18.0,22.0,,,,,,,,9.0,,,,,,,,,5.0,19.0,23.0,32.0,38.0,33.0,122.0,29.0,70.0,82.0,26.0,10.0,39.0,33.0,170.0,98.0,7.0,113.0,4.0,115.0,1.0,6.0,16.0,20.0,26.0,17.0,,,44.0,41.0,6.0,,,,,30.0,,0.0,1323,CY,35.126413,33.429859,Cyprus,CYP
47,Czechia,,,,,,,,,,,,,,,,,,,,,,,,,,,,,,,,,,,,,,,,,,,,,,1.0,25.0,6.0,0.0,1.0,13.0,57.0,42.0,94.0,7.0,594.0,45.0,10.0,23.0,6.0,13.0,71.0,22.0,15.0,,0.0,,,7.0,8.0,1060,CZ,49.817492,15.472961999999999,Czechia,CZE
48,Czechoslovakia,96.0,419.0,803.0,975.0,1272.0,1287.0,469.0,153.0,562.0,840.0,534.0,667.0,547.0,585.0,579.0,698.0,690.0,754.0,868.0,851.0,748.0,1123.0,978.0,1080.0,1110.0,852.0,215.0,301.0,561.0,498.0,468.0,837.0,912.0,819.0,920.0,1158.0,807.0,662.0,587.0,872.0,277.0,57.0,,,,,,,,,,,,,,,,,,,,,,,,,,,,,29490,CZ,49.817492,15.472961999999999,Czechoslovakia,CZE
49,Denmark,96.0,72.0,361.0,648.0,165.0,172.0,159.0,157.0,97.0,250.0,109.0,335.0,57.0,133.0,482.0,449.0,66.0,72.0,71.0,19.0,312.0,362.0,111.0,,39.0,149.0,360.0,372.0,367.0,57.0,569.0,567.0,559.0,231.0,72.0,92.0,16.0,99.0,99.0,185.0,124.0,151.0,71.0,46.0,85.0,133.0,71.0,77.0,116.0,68.0,50.0,146.0,45.0,54.0,224.0,116.0,84.0,147.0,93.0,130.0,17.0,,105.0,38.0,173.0,42.0,102.0,52.0,46.0,43.0,11234,DK,56.26392,9.501785,Denmark,DNK
50,Djibouti,,,,,,,,,,,,,,,,,,,,,,,,,,,,3.0,6.0,33.0,5.0,2.0,3.0,3.0,,1.0,8.0,1.0,,,,1.0,19.0,5.0,,2.0,,,,,1.0,,3.0,,4.0,7.0,,,,,,,6.0,5.0,14.0,1.0,18.0,,,8.0,159,DJ,11.825138,42.590275,Djibouti,DJI
51,Dominican Republic,2.0,12.0,43.0,21.0,2.0,6.0,7.0,1.0,17.0,4.0,19.0,11.0,0.0,7.0,5.0,10.0,9.0,1.0,1.0,0.0,1.0,2.0,7.0,0.0,,2.0,12.0,,,,9.0,5.0,31.0,,25.0,2.0,0.0,,3.0,,,,,,,,4.0,,6.0,1.0,13.0,5.0,0.0,8.0,35.0,2.0,,,,10.0,51.0,12.0,,,,1.0,0.0,,,,428,DO,18.735692999999998,-70.162651,Dominican Republic,DOM
52,DR Congo,,,,,,,,,,,2.0,9.0,13.0,32.0,83.0,31.0,26.0,16.0,7.0,28.0,19.0,155.0,15.0,5.0,9.0,391.0,132.0,31.0,38.0,15.0,10.0,12.0,15.0,5.0,16.0,1.0,1.0,36.0,1.0,,4.0,,2.0,,,0.0,61.0,6.0,10.0,46.0,88.0,15.0,12.0,,,19.0,17.0,,18.0,44.0,151.0,,10.0,1.0,,2.0,43.0,,,,1705,CD,-4.038333000000001,21.758664000000003,DR Congo,COD
53,East Germany (GDR),29.0,,178.0,92.0,10.0,,678.0,1122.0,1064.0,490.0,306.0,227.0,791.0,789.0,1054.0,922.0,1331.0,1181.0,1256.0,833.0,849.0,575.0,999.0,1053.0,999.0,580.0,1301.0,1083.0,1084.0,916.0,918.0,782.0,1072.0,926.0,1106.0,1363.0,654.0,362.0,599.0,695.0,404.0,,,,,,,,,,,,,,,,,,,,,,,,,,,,,,30671,DE,51.165690999999995,10.451526,East Germany (GDR),DEU
54,Ecuador,,,,11.0,14.0,124.0,6.0,,13.0,,66.0,,,3.0,3.0,29.0,9.0,21.0,5.0,1.0,5.0,81.0,35.0,15.0,22.0,40.0,226.0,572.0,191.0,109.0,257.0,123.0,257.0,388.0,349.0,23.0,25.0,40.0,26.0,20.0,3.0,139.0,4.0,18.0,9.0,36.0,30.0,95.0,27.0,17.0,,10.0,1.0,,15.0,48.0,17.0,2.0,102.0,77.0,90.0,68.0,88.0,11.0,53.0,27.0,26.0,20.0,5.0,2.0,4149,EC,-1.8312389999999998,-78.183406,Ecuador,ECU
55,Egypt,163.0,57.0,0.0,1.0,142.0,698.0,1065.0,479.0,488.0,334.0,143.0,544.0,686.0,737.0,843.0,950.0,1533.0,2198.0,1263.0,1227.0,1673.0,1984.0,3301.0,2593.0,1099.0,571.0,165.0,415.0,135.0,630.0,1004.0,1182.0,2492.0,1705.0,1500.0,969.0,1480.0,1643.0,419.0,295.0,562.0,884.0,972.0,1255.0,2020.0,1716.0,981.0,1038.0,480.0,514.0,837.0,832.0,719.0,630.0,654.0,797.0,722.0,690.0,333.0,159.0,686.0,630.0,281.0,675.0,420.0,1438.0,1684.0,2406.0,1674.0,1193.0,66690,EG,26.820553000000004,30.802497999999996,Egypt,EGY
56,El Salvador,1.0,,,,1.0,,,17.0,,,,,,0.0,,1.0,1.0,0.0,20.0,8.0,9.0,1.0,,1.0,29.0,46.0,15.0,8.0,1.0,8.0,12.0,5.0,35.0,12.0,62.0,44.0,5.0,,,,,21.0,4.0,2.0,,4.0,4.0,,2.0,,,,19.0,10.0,,,,,3.0,,,,2.0,,20.0,,1.0,,,,433,SV,13.794185,-88.89653,El Salvador,SLV
57,Equatorial Guinea,,,,,,,,,,,,,,,,,,,,,,,,,,,,,4.0,,1.0,,5.0,,,,,,,,,,,,,,,,,3.0,,7.0,,,7.0,12.0,7.0,28.0,30.0,68.0,3.0,57.0,65.0,2.0,92.0,,,,7.0,,396,GQ,1.6508009999999997,10.267895,Equatorial Guinea,GNQ
58,Eritrea,,,,,,,,,,,,,,,,,,,,,,,,,,,,,,,,,,,,,,,,,,,,21.0,18.0,7.0,41.0,53.0,214.0,31.0,20.0,57.0,18.0,17.0,80.0,98.0,,4.0,,,,,,,,,,,,,678,ER,15.179383999999999,39.782334000000006,Eritrea,ERI
59,Estonia,,,,,,,,,,,,,,,,,,,,,,,,,,,,,,,,,,,,,,,,,,,2.0,3.0,15.0,17.0,1.0,12.0,4.0,1.0,27.0,,1.0,13.0,8.0,20.0,7.0,19.0,29.0,43.0,13.0,1.0,2.0,18.0,2.0,18.0,29.0,33.0,17.0,30.0,382,EE,58.595271999999994,25.013607,Estonia,EST
60,Ethiopia,2.0,19.0,,6.0,8.0,1.0,1.0,16.0,23.0,6.0,24.0,4.0,21.0,27.0,4.0,14.0,99.0,30.0,33.0,24.0,89.0,54.0,33.0,5.0,16.0,58.0,135.0,1096.0,982.0,113.0,330.0,328.0,521.0,370.0,285.0,259.0,360.0,251.0,155.0,47.0,3.0,80.0,,,,,,69.0,211.0,155.0,140.0,,20.0,174.0,239.0,,,,,,54.0,76.0,193.0,153.0,33.0,10.0,5.0,1.0,10.0,71.0,7545,ET,9.145,40.489672999999996,Ethiopia,ETH
61,Fiji,,,,,,,,,,,,,,,,,,,,,,,,,,8.0,4.0,,,,,,,,,,,,,,1.0,,3.0,,6.0,12.0,,,,,,,,,,,,,,,,,,,,,,1.0,,,35,FJ,-16.578193,179.414413,Fiji,FJI
62,Finland,,,19.0,,,11.0,15.0,3.0,25.0,41.0,54.0,65.0,38.0,237.0,77.0,81.0,42.0,76.0,23.0,21.0,15.0,5.0,26.0,13.0,174.0,127.0,90.0,30.0,105.0,47.0,328.0,119.0,132.0,112.0,126.0,203.0,97.0,69.0,143.0,85.0,90.0,65.0,435.0,407.0,246.0,197.0,553.0,398.0,552.0,770.0,474.0,9.0,12.0,227.0,77.0,107.0,136.0,108.0,135.0,42.0,52.0,58.0,77.0,296.0,196.0,293.0,160.0,76.0,135.0,70.0,9324,FI,61.92411,25.748151,Finland,FIN
63,FMLN (El Salvador)*,,,,,,,,,,,,,,,,,,,,,,,,,,,,,,,,,,,,,,,,1.0,2.0,,,,,,,,,,,,,,,,,,,,,,,,,,,,,,3,SV,13.794185,-88.89653,FMLN (El Salvador)*,SLV
64,France,218.0,988.0,1144.0,1699.0,1409.0,1342.0,1285.0,701.0,1086.0,852.0,507.0,356.0,153.0,63.0,1185.0,255.0,76.0,93.0,113.0,101.0,124.0,141.0,93.0,116.0,52.0,45.0,233.0,250.0,278.0,64.0,70.0,101.0,137.0,103.0,68.0,15.0,96.0,84.0,137.0,107.0,60.0,944.0,420.0,91.0,75.0,97.0,64.0,223.0,174.0,110.0,107.0,66.0,43.0,57.0,93.0,2.0,67.0,74.0,5.0,76.0,103.0,48.0,91.0,107.0,17.0,42.0,45.0,76.0,185.0,102.0,19603,FR,46.227638,2.213749,France,FRA
65,Gabon,,,,,,,,,,,,3.0,,,3.0,0.0,2.0,,2.0,4.0,1.0,24.0,,2.0,10.0,35.0,48.0,28.0,80.0,,26.0,37.0,5.0,11.0,102.0,2.0,7.0,10.0,28.0,10.0,29.0,,,,,,,,,,,,,,6.0,,20.0,18.0,,,22.0,5.0,1.0,2.0,,5.0,3.0,,,7.0,596,GA,-0.803689,11.609444,Gabon,GAB
66,Gambia,,,,,,,,,,,,,,,,,,,,0.0,,,,,,,,,,,,3.0,,,,,,,,12.0,,,,,,,,,,,,,,,5.0,,,,,16.0,,,,,,,,,,,36,GM,13.443182,-15.310139000000001,Gambia,GMB
67,Georgia,,,,,,,,,,,,,,,,,,,,,,,,,,,,,,,,,,,,,,,,,,,,4.0,,,,4.0,28.0,23.0,6.0,85.0,,1.0,37.0,92.0,97.0,161.0,132.0,38.0,,2.0,,5.0,1.0,,,7.0,39.0,4.0,766,GE,42.315407,43.356891999999995,Georgia,GEO
68,Germany,,,,,,85.0,1358.0,2271.0,2792.0,1529.0,2033.0,2018.0,2457.0,3283.0,3710.0,3323.0,3211.0,1324.0,1198.0,1256.0,1475.0,2340.0,805.0,1709.0,2109.0,1813.0,1395.0,1049.0,709.0,77.0,165.0,277.0,471.0,437.0,414.0,131.0,311.0,321.0,430.0,708.0,716.0,694.0,685.0,535.0,423.0,228.0,246.0,61.0,543.0,129.0,113.0,133.0,71.0,64.0,238.0,199.0,409.0,75.0,285.0,339.0,282.0,84.0,131.0,113.0,95.0,96.0,55.0,43.0,14.0,39.0,56128,DE,51.165690999999995,10.451526,Germany,DEU
69,Ghana,,,,,,,,,,1.0,12.0,107.0,20.0,6.0,40.0,40.0,24.0,1.0,,,,,12.0,8.0,19.0,28.0,39.0,,18.0,7.0,38.0,50.0,,,,5.0,,13.0,,2.0,4.0,1.0,,,11.0,,7.0,5.0,,7.0,1.0,12.0,1.0,6.0,35.0,0.0,0.0,16.0,,11.0,2.0,76.0,39.0,63.0,14.0,13.0,22.0,,0.0,4.0,842,GH,7.946527000000001,-1.0231940000000002,Ghana,GHA
70,Greece,97.0,500.0,307.0,86.0,152.0,203.0,92.0,354.0,475.0,314.0,264.0,82.0,330.0,98.0,631.0,486.0,210.0,373.0,104.0,303.0,302.0,585.0,707.0,246.0,418.0,922.0,1308.0,1001.0,1290.0,739.0,675.0,968.0,462.0,404.0,364.0,189.0,202.0,36.0,528.0,1216.0,903.0,484.0,2130.0,864.0,1182.0,874.0,382.0,807.0,1719.0,842.0,708.0,787.0,400.0,2167.0,1106.0,411.0,721.0,1703.0,483.0,1224.0,631.0,71.0,19.0,28.0,204.0,750.0,323.0,52.0,39.0,165.0,40202,GR,39.074208,21.824312,Greece,GRC
71,Grenada,,,,,,,,,,,,,,,,,,,,,,,,,,,,,,,,,1.0,,,,,,,,,,,,,,,,,,,,,,,,,,,,,,,,,,,,,,1,GD,12.262775999999999,-61.604170999999994,Grenada,GRD
72,Guatemala,,6.0,,,2.0,9.0,6.0,,,5.0,16.0,,1.0,7.0,8.0,5.0,,1.0,16.0,1.0,,46.0,1.0,1.0,15.0,47.0,15.0,1.0,1.0,5.0,8.0,47.0,16.0,1.0,7.0,25.0,2.0,0.0,0.0,4.0,0.0,0.0,,13.0,4.0,4.0,2.0,,1.0,,,,,,,,,,0.0,,,,2.0,,,33.0,,,3.0,13.0,399,GT,15.783470999999999,-90.23075899999999,Guatemala,GTM
73,Guinea,,,,,,,,,,18.0,33.0,0.0,,0.0,0.0,17.0,,6.0,,0.0,1.0,4.0,4.0,18.0,24.0,2.0,18.0,8.0,45.0,69.0,,1.0,1.0,1.0,,,40.0,,,60.0,1.0,1.0,,,,,,,4.0,,18.0,6.0,,2.0,,1.0,,0.0,,,4.0,1.0,4.0,,6.0,,,2.0,,,421,GN,9.945587,-9.696645,Guinea,GIN
74,Guinea-Bissau,,,,,,,,,,,,,,,,,,,,,,,,,21.0,10.0,12.0,,14.0,24.0,2.0,1.0,,,11.0,,35.0,,20.0,,20.0,6.0,,5.0,,,,,,,,,,,,,,,,,,,,,,,,,,,181,GW,11.803749,-15.180413,Guinea-Bissau,GNB
75,Guyana,,,,,,,,,,,,,,,,,,,0.0,,,2.0,,,2.0,0.0,15.0,5.0,1.0,5.0,4.0,14.0,,3.0,7.0,23.0,,,,,,,,,,,,,,,,7.0,2.0,,,,,,0.0,,,,,,,,,,0.0,2.0,93,GY,4.860416000000001,-58.93018000000001,Guyana,GUY
76,Haiti,4.0,,3.0,,,0.0,6.0,,,,5.0,,,,2.0,,,,,8.0,,,,3.0,4.0,1.0,1.0,0.0,9.0,,,3.0,4.0,3.0,,10.0,,,,,,,,,,,,,,,,,,,,,,,,,,,,,,,,,,,64,HT,18.971187,-72.28521500000001,Haiti,HTI
77,Hamas (Palestine)*,,,,,,,,,,,,,,,,,,,,,,,,,,,,,,,,,,,,,,,,,,,,,,,,,,,,,,,,,,,,,1.0,2.0,,,0.0,,,,,,3,PS,31.952162,35.233154,Hamas (Palestine)*,PSE
78,Hezbollah (Lebanon)*,,,,,,,,,,,,,,,,,,,,,,,,,,,,,,,0.0,0.0,0.0,0.0,1.0,1.0,1.0,1.0,1.0,1.0,0.0,1.0,1.0,1.0,0.0,1.0,2.0,0.0,0.0,0.0,0.0,0.0,3.0,0.0,1.0,0.0,9.0,,,20.0,20.0,,,,,,,,,,66,LB,33.854721000000005,35.862285,Hezbollah (Lebanon)*,LBN
79,Honduras,,1.0,2.0,,1.0,,9.0,1.0,20.0,1.0,,,14.0,,,1.0,6.0,,,19.0,,,,2.0,,31.0,30.0,25.0,29.0,9.0,13.0,27.0,30.0,33.0,25.0,35.0,75.0,13.0,44.0,17.0,,,,,,,,,,,,,,,,,,,0.0,,,0.0,0.0,20.0,13.0,8.0,,10.0,1.0,23.0,587,HN,15.199998999999998,-86.241905,Honduras,HND
80,Hungary,56.0,53.0,13.0,802.0,700.0,223.0,1.0,59.0,259.0,331.0,599.0,575.0,290.0,379.0,747.0,667.0,150.0,290.0,271.0,447.0,22.0,247.0,121.0,402.0,567.0,498.0,378.0,394.0,589.0,485.0,387.0,143.0,142.0,117.0,251.0,229.0,79.0,80.0,35.0,59.0,14.0,22.0,,925.0,2.0,1.0,156.0,99.0,46.0,72.0,14.0,14.0,,,72.0,13.0,253.0,196.0,5.0,4.0,18.0,9.0,,2.0,7.0,,14.0,6.0,36.0,13.0,14144,HU,47.162494,19.503304,Hungary,HUN
81,Iceland,,,,,,,,,,,20.0,,,,,,,,27.0,,,,,,,27.0,,,,,,,,,,,,,,,,,,,,,,,,,,,,,,,,,,,,50.0,,,,,,,,,123,IS,64.96305100000001,-19.020835,Iceland,ISL
82,India,141.0,278.0,104.0,430.0,265.0,350.0,367.0,980.0,954.0,855.0,544.0,1122.0,371.0,648.0,920.0,1049.0,994.0,1265.0,1655.0,1518.0,872.0,1864.0,1801.0,1324.0,1289.0,1102.0,1928.0,2385.0,1197.0,1193.0,1784.0,2141.0,2287.0,2661.0,2769.0,2980.0,4130.0,3835.0,3758.0,3577.0,2715.0,1878.0,1200.0,735.0,883.0,1479.0,862.0,1665.0,758.0,1216.0,995.0,1200.0,2031.0,2758.0,2225.0,1204.0,1488.0,2277.0,1855.0,1863.0,2909.0,3596.0,4395.0,5378.0,3341.0,3045.0,2985.0,2931.0,1488.0,2964.0,124003,IN,20.593684,78.96288,India,IND
83,Indonesia,196.0,58.0,14.0,6.0,16.0,25.0,42.0,30.0,624.0,679.0,441.0,895.0,1068.0,180.0,518.0,338.0,16.0,1.0,1.0,9.0,28.0,92.0,5.0,73.0,73.0,4.0,156.0,60.0,126.0,377.0,910.0,797.0,360.0,228.0,100.0,289.0,432.0,264.0,294.0,248.0,202.0,11.0,52.0,215.0,473.0,286.0,380.0,106.0,90.0,165.0,151.0,27.0,68.0,356.0,79.0,36.0,65.0,587.0,244.0,441.0,225.0,250.0,214.0,800.0,1188.0,438.0,381.0,1178.0,338.0,219.0,19333,ID,-0.789275,113.921327,Indonesia,IDN
84,Iran,4.0,6.0,0.0,1.0,75.0,111.0,121.0,53.0,129.0,107.0,11.0,107.0,110.0,137.0,141.0,182.0,442.0,381.0,894.0,1236.0,1192.0,1731.0,1413.0,2053.0,2845.0,5171.0,4466.0,5560.0,3743.0,535.0,278.0,487.0,541.0,509.0,469.0,548.0,803.0,833.0,478.0,192.0,454.0,1022.0,432.0,987.0,450.0,294.0,615.0,178.0,381.0,323.0,418.0,524.0,435.0,282.0,121.0,57.0,423.0,331.0,62.0,97.0,99.0,100.0,46.0,13.0,13.0,13.0,413.0,4.0,4.0,3.0,46687,IR,32.427908,53.68804599999999,Iran,IRN
85,Iraq,,,59.0,53.0,19.0,61.0,105.0,38.0,186.0,170.0,168.0,118.0,278.0,201.0,321.0,248.0,341.0,345.0,368.0,405.0,154.0,187.0,624.0,1861.0,1440.0,1103.0,1136.0,1085.0,1817.0,1359.0,2240.0,2587.0,3285.0,3360.0,4546.0,3982.0,3373.0,3454.0,1891.0,1494.0,779.0,,,,,,,,,,,,,,71.0,186.0,312.0,275.0,378.0,398.0,434.0,574.0,476.0,353.0,665.0,1464.0,1789.0,989.0,543.0,175.0,54323,IQ,33.223191,43.679291,Iraq,IRQ
86,Ireland,2.0,,,4.0,,,8.0,,,1.0,1.0,,,2.0,1.0,,,,,,7.0,9.0,22.0,3.0,1.0,4.0,3.0,5.0,28.0,31.0,48.0,15.0,,,11.0,,38.0,,24.0,,,11.0,,,43.0,,,,3.0,35.0,0.0,45.0,22.0,,19.0,5.0,13.0,19.0,22.0,0.0,5.0,2.0,2.0,,40.0,43.0,43.0,2.0,7.0,36.0,683,IE,53.41291,-8.243889999999999,Ireland,IRL
87,Israel,53.0,92.0,74.0,112.0,49.0,117.0,641.0,133.0,143.0,223.0,163.0,84.0,261.0,396.0,417.0,437.0,319.0,282.0,961.0,1382.0,1131.0,1350.0,898.0,1979.0,1180.0,1643.0,1942.0,1263.0,1336.0,710.0,1273.0,1658.0,869.0,491.0,288.0,310.0,1185.0,1080.0,582.0,24.0,81.0,1209.0,1303.0,716.0,757.0,364.0,117.0,67.0,1291.0,1191.0,353.0,116.0,349.0,189.0,845.0,1133.0,1122.0,832.0,676.0,153.0,67.0,85.0,120.0,209.0,541.0,681.0,605.0,536.0,543.0,507.0,44290,IL,31.046051000000002,34.851612,Israel,ISR
88,Italy,158.0,233.0,463.0,784.0,308.0,587.0,1151.0,941.0,417.0,421.0,390.0,426.0,666.0,997.0,1115.0,722.0,395.0,106.0,192.0,481.0,555.0,1090.0,1748.0,1001.0,1111.0,1016.0,711.0,518.0,692.0,605.0,479.0,133.0,251.0,307.0,273.0,206.0,199.0,183.0,179.0,196.0,158.0,206.0,188.0,208.0,201.0,334.0,286.0,519.0,56.0,25.0,241.0,221.0,239.0,564.0,451.0,162.0,423.0,515.0,214.0,101.0,103.0,286.0,207.0,81.0,139.0,251.0,759.0,734.0,317.0,186.0,30782,IT,41.87194,12.56738,Italy,ITA
89,Jamaica,,,,,,,,,,,,,1.0,1.0,0.0,,,3.0,,,,1.0,,13.0,8.0,4.0,1.0,3.0,4.0,,,0.0,,,,5.0,3.0,,,4.0,,,,,,,,,10.0,10.0,,,,,,10.0,10.0,13.0,2.0,,1.0,,,1.0,,2.0,22.0,,13.0,3.0,145,JM,18.109581,-77.297508,Jamaica,JAM
90,Japan,,,8.0,223.0,316.0,411.0,758.0,1059.0,1239.0,668.0,859.0,338.0,223.0,204.0,1809.0,1209.0,324.0,619.0,559.0,531.0,658.0,781.0,677.0,640.0,1007.0,1685.0,1674.0,975.0,1094.0,997.0,1067.0,1347.0,1462.0,1707.0,2063.0,1982.0,1904.0,1949.0,2007.0,2297.0,2703.0,2953.0,2520.0,2138.0,1025.0,1241.0,857.0,824.0,1474.0,1267.0,494.0,442.0,446.0,483.0,403.0,398.0,480.0,517.0,692.0,621.0,403.0,304.0,223.0,277.0,293.0,329.0,330.0,453.0,572.0,891.0,65383,JP,36.204824,138.252924,Japan,JPN
91,Jordan,0.0,,0.0,0.0,27.0,34.0,62.0,,44.0,4.0,30.0,15.0,55.0,39.0,33.0,55.0,92.0,126.0,48.0,238.0,130.0,68.0,66.0,87.0,184.0,369.0,334.0,461.0,590.0,276.0,383.0,404.0,1064.0,789.0,480.0,293.0,250.0,143.0,247.0,59.0,16.0,24.0,,1.0,5.0,19.0,75.0,77.0,248.0,64.0,133.0,160.0,132.0,281.0,168.0,49.0,53.0,181.0,161.0,234.0,89.0,215.0,176.0,75.0,196.0,233.0,233.0,390.0,215.0,85.0,11566,JO,30.585164000000002,36.238414,Jordan,JOR
92,Kazakhstan,,,,,,,,,,,,,,,,,,,,,,,,,,,,,,,,,,,,,,,,,,,,,,99.0,2.0,64.0,,72.0,121.0,139.0,20.0,,47.0,42.0,44.0,82.0,25.0,39.0,58.0,62.0,94.0,141.0,95.0,444.0,248.0,214.0,304.0,312.0,2770,KZ,48.019573,66.923684,Kazakhstan,KAZ
93,Kenya,,,,,,,,,,,,,,,6.0,15.0,19.0,2.0,2.0,3.0,0.0,20.0,9.0,2.0,28.0,25.0,17.0,58.0,211.0,56.0,119.0,144.0,91.0,20.0,12.0,6.0,26.0,178.0,,23.0,42.0,14.0,,,30.0,,,58.0,,,12.0,,,,,,,10.0,,34.0,116.0,14.0,62.0,1.0,17.0,30.0,29.0,16.0,5.0,32.0,1612,KE,-0.023559,37.906193,Kenya,KEN
94,Kiribati,,,,,,,,,,,,,,,,,,,,,,,,,,,,,,,,,,,,,,,,,,,,,6.0,,,,,,,,,,,,,,,,,,,,,,,,,,6,KI,-3.3704169999999998,-168.734039,Kiribati,KIR
95,Kosovo,,,,,,,,,,,,,,,,,,,,,,,,,,,,,,,,,,,,,,,,,,,,,,,,,,,,,,,,,,,,,,,,,1.0,,,,,,1,XK,42.602636,20.902977,Kosovo,XKX
96,Kuwait,,,,0.0,5.0,1.0,,,2.0,,44.0,,10.0,34.0,46.0,25.0,8.0,,104.0,97.0,54.0,111.0,30.0,,5.0,77.0,230.0,490.0,487.0,198.0,35.0,13.0,175.0,291.0,494.0,621.0,170.0,50.0,6.0,132.0,325.0,516.0,896.0,694.0,35.0,632.0,1189.0,482.0,46.0,212.0,245.0,67.0,23.0,45.0,2.0,12.0,5.0,288.0,5.0,9.0,85.0,113.0,31.0,73.0,692.0,339.0,162.0,111.0,95.0,70.0,11543,KW,29.311659999999996,47.481766,Kuwait,KWT
97,Kyrgyzstan,,,,,,,,,,,,,,,,,,,,,,,,,,,,,,,,,,,,,,,,,,,,,,,,,,,,,,9.0,5.0,3.0,2.0,,,,,,,,,4.0,9.0,13.0,1.0,15.0,61,KG,41.20438,74.766098,Kyrgyzstan,KGZ
98,Laos,,,,,1.0,2.0,1.0,1.0,10.0,2.0,3.0,4.0,19.0,15.0,7.0,7.0,14.0,14.0,4.0,6.0,32.0,17.0,14.0,43.0,1.0,37.0,21.0,134.0,26.0,,35.0,54.0,2.0,94.0,26.0,62.0,,29.0,18.0,,8.0,,,,,,,44.0,21.0,30.0,7.0,,,0.0,,4.0,,,7.0,26.0,,14.0,19.0,19.0,,7.0,,3.0,109.0,18.0,1087,LA,19.856270000000002,102.495496,Laos,LAO
99,Latvia,,,,,,,,,,,,,,,,,,,,,,,,,,,,,,,,,,,,,,,,,,,0.0,8.0,12.0,14.0,0.0,0.0,0.0,4.0,3.0,13.0,3.0,25.0,12.0,4.0,9.0,51.0,44.0,11.0,15.0,27.0,9.0,5.0,5.0,1.0,24.0,29.0,19.0,25.0,373,LV,56.879635,24.603189,Latvia,LVA
100,Lebanon,5.0,,2.0,5.0,6.0,8.0,,39.0,65.0,11.0,,3.0,13.0,18.0,,34.0,67.0,75.0,1.0,,,7.0,49.0,41.0,28.0,11.0,3.0,8.0,2.0,19.0,37.0,9.0,36.0,93.0,192.0,71.0,,,,,,,40.0,40.0,18.0,42.0,27.0,9.0,7.0,4.0,4.0,,,,,1.0,,5.0,1.0,52.0,64.0,1.0,31.0,24.0,6.0,48.0,28.0,50.0,52.0,67.0,1580,LB,33.854721000000005,35.862285,Lebanon,LBN
101,Lesotho,,,,,,,,,,,,,,,,,,,,,,,,,,,,1.0,,5.0,3.0,,,1.0,,0.0,10.0,,,8.0,,4.0,,,,,,,5.0,,,6.0,,,1.0,,1.0,,,,,,,,,,,1.0,1.0,1.0,48,LS,-29.609988,28.233608,Lesotho,LSO
102,Liberia,,,,,,,,,,1.0,,,,,2.0,,,18.0,,,,0.0,1.0,,,,2.0,,1.0,,,,,,,,4.0,7.0,,12.0,3.0,,,,,,,,,1.0,8.0,,,,,,,,,,,,,,,,,,,,61,LR,6.4280550000000005,-9.429499,Liberia,LBR
103,Libya,,,,,,,,3.0,,1.0,14.0,17.0,2.0,3.0,15.0,9.0,26.0,12.0,57.0,155.0,371.0,555.0,555.0,750.0,1763.0,1666.0,1851.0,3062.0,4224.0,3315.0,2969.0,3157.0,2751.0,1405.0,746.0,753.0,409.0,184.0,9.0,218.0,10.0,,,,,,,,,9.0,,,,,,1.0,16.0,16.0,16.0,22.0,37.0,8.0,73.0,109.0,,,,,,,31337,LY,26.3351,17.228331,Libya,LBY
104,Libya GNC,,,,,,,,,,,,,,,,,,,,,,,,,,,,,,,,,,,,,,,,,,,,,,,,,,,,,,,,,,,,,,,,,,,2.0,,,18.0,20,LY,26.3351,17.228331,Libya GNC,LBY
105,Libya HoR,,,,,,,,,,,,,,,,,,,,,,,,,,,,,,,,,,,,,,,,,,,,,,,,,,,,,,,,,,,,,,,,,17.0,38.0,13.0,6.0,11.0,4.0,88,LY,26.3351,17.228331,Libya HoR,LBY
106,Lithuania,,,,,,,,,,,,,,,,,,,,,,,,,,,,,,,,,,,,,,,,,,,70.0,10.0,,4.0,15.0,,15.0,5.0,6.0,16.0,12.0,1.0,47.0,9.0,52.0,4.0,27.0,27.0,8.0,1.0,1.0,73.0,3.0,13.0,28.0,45.0,6.0,39.0,537,LT,55.169438,23.881275,Lithuania,LTU
107,Luxembourg,,,0.0,0.0,,,,,,,,,,,,,,,,,,,,,1.0,,,,,,,,1.0,,,,,,,,,,,,,,3.0,,,1.0,,,,1.0,,,,,,7.0,7.0,,1.0,,,,0.0,0.0,,,22,LU,49.815273,6.129583,Luxembourg,LUX
108,Macedonia,,,,,,,,,,,,,,,,,,,,,,,,,,,,,,,,,,,,,,,,,,,,,27.0,1.0,,,12.0,81.0,14.0,112.0,,,,,0.0,,,,,,,1.0,,,0.0,,,,248,MK,41.608635,21.745275,Macedonia,MKD
109,Madagascar,,,,,,,,,,,,3.0,,2.0,0.0,7.0,,12.0,1.0,1.0,,0.0,0.0,,18.0,6.0,,,,64.0,43.0,0.0,,8.0,,6.0,,,,,,,,,,,22.0,,,,,,,,,,,,,0.0,,,,0.0,,,,,1.0,4.0,198,MG,-18.766947000000002,46.869107,Madagascar,MDG
110,Malawi,,,,,,,,,,,,,,,5.0,,,,,,,,0.0,,,,2.0,6.0,7.0,8.0,14.0,14.0,,,1.0,6.0,10.0,1.0,2.0,3.0,10.0,,,,2.0,,,,,,,,,,,,,,3.0,,,,1.0,2.0,2.0,2.0,1.0,,,,102,MW,-13.254307999999998,34.301525,Malawi,MWI
111,Malaysia,,,,,,,,,13.0,18.0,5.0,2.0,31.0,75.0,97.0,10.0,58.0,127.0,90.0,78.0,25.0,195.0,113.0,206.0,50.0,85.0,394.0,146.0,72.0,314.0,127.0,56.0,25.0,268.0,545.0,404.0,128.0,17.0,14.0,38.0,,34.0,13.0,13.0,308.0,848.0,33.0,555.0,39.0,720.0,26.0,26.0,153.0,147.0,65.0,59.0,408.0,526.0,508.0,1512.0,423.0,5.0,47.0,71.0,71.0,104.0,266.0,191.0,98.0,70.0,11163,MY,4.210483999999999,101.97576600000001,Malaysia,MYS
112,Maldives,,,,,,,,,,,,,,,,,,,,,,,,,,,,,,,,,,,,,,,,,,,2.0,,,,,0.0,8.0,,,,,,,,15.0,,,,5.0,,,5.0,,,,,,,34,MV,3.202778,73.22068,Maldives,MDV
113,Mali,,,,,,,,,,,,3.0,10.0,4.0,,,1.0,10.0,,2.0,,15.0,,,,9.0,89.0,,,,,91.0,4.0,15.0,13.0,0.0,,,1.0,,1.0,,,,0.0,,,9.0,4.0,,7.0,,1.0,4.0,,13.0,,8.0,3.0,10.0,,0.0,9.0,6.0,1.0,,21.0,31.0,25.0,3.0,424,ML,17.570692,-3.9961660000000006,Mali,MLI
114,Malta,,,,,,,,,,,,,,,,,,,,,,,0.0,0.0,,,,,8.0,,1.0,,,,,,,,,,,,13.0,,,0.0,1.0,6.0,0.0,,0.0,0.0,,,,18.0,,,,,,8.0,8.0,,12.0,,6.0,8.0,,,88,MT,35.937496,14.375416,Malta,MLT
115,Marshall Islands,,,,,,,,,,,,,,,,,,,,,,,,,,,,,,,,,,,,,,,2.0,,,6.0,,,,,,,,,,,,,,,,,,,,,,,,,,,,,8,MH,7.131474000000001,171.184478,Marshall Islands,MHL
116,Mauritania,,,,,,,,,,,2.0,1.0,1.0,6.0,1.0,1.0,,,,,11.0,13.0,,1.0,5.0,5.0,10.0,24.0,17.0,24.0,,19.0,16.0,,0.0,3.0,,,,8.0,16.0,18.0,,,16.0,2.0,2.0,8.0,4.0,,31.0,,27.0,7.0,,,,,,,9.0,5.0,11.0,,7.0,1.0,35.0,,1.0,34.0,400,MR,21.00789,-10.940835,Mauritania,MRT
117,Mauritius,,,,,,,,,,,,,,,,,,,0.0,,,0.0,,,2.0,,,,,3.0,,,,,,1.0,,,,,6.0,,,8.0,,,29.0,1.0,,,,,,,6.0,,,,,,,,,,28.0,,26.0,19.0,,,128,MU,-20.348404000000002,57.552152,Mauritius,MUS
118,Mexico,,7.0,,6.0,,,,,16.0,2.0,6.0,44.0,107.0,60.0,38.0,11.0,21.0,14.0,0.0,,82.0,48.0,15.0,158.0,61.0,104.0,69.0,39.0,68.0,61.0,75.0,115.0,342.0,116.0,,8.0,143.0,154.0,97.0,63.0,34.0,39.0,19.0,160.0,128.0,50.0,87.0,485.0,23.0,141.0,227.0,152.0,97.0,31.0,320.0,33.0,75.0,,22.0,59.0,112.0,229.0,260.0,52.0,87.0,320.0,314.0,210.0,16.0,3.0,5933,MX,23.634501,-102.552784,Mexico,MEX
119,Micronesia,,,,,,,,,,,,,,,,,,,,,,,,,,,,,,,,,,,,,,,,2.0,14.0,,,,,,,6.0,,,,,,,,,,,,,,,,,,,,,,,23,FM,7.425553999999999,150.550812,Micronesia,FSM
120,Moldova,,,,,,,,,,,,,,,,,,,,,,,,,,,,,,,,,,,,,,,,,,,8.0,,3.0,9.0,,,,,,,,,,,,,,,,,,,,,,,,,19,MD,47.411631,28.369884999999996,Moldova,MDA
121,Mongolia,,5.0,28.0,5.0,3.0,10.0,9.0,12.0,12.0,,10.0,66.0,90.0,86.0,120.0,137.0,116.0,63.0,15.0,14.0,15.0,13.0,8.0,58.0,76.0,190.0,26.0,24.0,42.0,29.0,60.0,72.0,152.0,114.0,110.0,98.0,27.0,36.0,27.0,,,,,,,,,,,,,,,,,,,,14.0,,27.0,3.0,79.0,,,74.0,,,,17.0,2188,MN,46.862496,103.84665600000001,Mongolia,MNG
122,Montenegro,,,,,,,,,,,,,,,,,,,,,,,,,,,,,,,,,,,,,,,,,,,,,,,,,,,,,,,,,,,,,,,,,,1.0,0.0,,15.0,,16,ME,42.708678000000006,19.37439,Montenegro,MNE
123,Morocco,,,,,,,28.0,12.0,10.0,13.0,22.0,37.0,93.0,14.0,16.0,81.0,151.0,138.0,79.0,38.0,77.0,1.0,,21.0,198.0,206.0,216.0,408.0,419.0,723.0,453.0,777.0,513.0,382.0,59.0,38.0,31.0,32.0,111.0,126.0,137.0,62.0,17.0,98.0,117.0,28.0,89.0,220.0,,60.0,125.0,11.0,156.0,12.0,14.0,101.0,47.0,27.0,46.0,39.0,306.0,1403.0,896.0,76.0,560.0,47.0,287.0,485.0,387.0,26.0,11399,MA,31.791702,-7.09262,Morocco,MAR
124,Mozambique,,,,,,,,,,,,,,,,,,,,,,,,,,29.0,33.0,148.0,492.0,111.0,54.0,60.0,64.0,59.0,94.0,73.0,6.0,,,,,,,,,,,,,2.0,0.0,,,1.0,,,,,,,,0.0,0.0,9.0,15.0,0.0,2.0,,,22.0,1275,MZ,-18.665695,35.529562,Mozambique,MOZ
125,Mujahedin (Afghanistan)*,,,,,,,,,,,,,,,,,,,,,,,,,,,,,,,,,2.0,2.0,7.0,7.0,29.0,59.0,21.0,11.0,,,,,,,,,,,,,,,,,,,,,,,,,,,,,,,138,AF,33.93911,67.709953,Mujahedin (Afghanistan)*,AFG
126,Myanmar,4.0,0.0,0.0,16.0,39.0,47.0,30.0,53.0,61.0,21.0,6.0,17.0,14.0,27.0,18.0,19.0,3.0,13.0,6.0,22.0,4.0,23.0,4.0,,,53.0,10.0,9.0,25.0,19.0,40.0,,38.0,,,,8.0,,,34.0,266.0,232.0,64.0,323.0,97.0,223.0,118.0,231.0,156.0,141.0,16.0,149.0,157.0,95.0,194.0,160.0,175.0,151.0,77.0,59.0,56.0,667.0,398.0,251.0,100.0,248.0,237.0,101.0,168.0,252.0,6246,MM,21.913965,95.956223,Myanmar,MMR
127,Namibia,,,,,,,,,,,,,,,,,,,,,,,,,,,,,,,,,,,,,,,,,,,,,2.0,4.0,,4.0,5.0,,,21.0,11.0,,16.0,,72.0,6.0,66.0,15.0,3.0,1.0,57.0,9.0,2.0,,3.0,35.0,,,333,,-22.957639999999998,18.49041,Namibia,NAM
128,NATO**,,,,,,,,26.0,26.0,26.0,26.0,22.0,5.0,,,,,7.0,14.0,14.0,14.0,,,,,,,,,,,,1250.0,1250.0,1250.0,802.0,,,18.0,36.0,,,,,,,,,,18.0,,18.0,,,,,116.0,,,420.0,,,22.0,,,,12.0,25.0,21.0,70.0,5505,BE,50.503887,4.469936,NATO**,NAT
129,Nepal,,,,,,,,,,,,,,,,2.0,0.0,,,,8.0,8.0,3.0,1.0,2.0,15.0,6.0,,,,,1.0,,,3.0,3.0,,,,1.0,,,1.0,,,1.0,,,,,,11.0,9.0,9.0,34.0,6.0,,,1.0,,,3.0,,,5.0,14.0,8.0,1.0,7.0,17.0,177,NP,28.394857000000002,84.12400799999999,Nepal,NPL
130,Netherlands,154.0,454.0,423.0,975.0,784.0,736.0,1171.0,695.0,467.0,146.0,294.0,309.0,370.0,711.0,910.0,745.0,189.0,731.0,266.0,549.0,690.0,689.0,656.0,21.0,40.0,96.0,266.0,579.0,704.0,780.0,626.0,762.0,1248.0,1361.0,1203.0,901.0,815.0,632.0,383.0,709.0,276.0,324.0,241.0,144.0,211.0,84.0,205.0,126.0,271.0,278.0,123.0,164.0,244.0,125.0,127.0,98.0,317.0,237.0,154.0,293.0,190.0,134.0,363.0,331.0,11.0,64.0,79.0,35.0,142.0,490.0,30117,NL,52.132633,5.291266,Netherlands,NLD
131,New Zealand,41.0,63.0,151.0,20.0,,38.0,148.0,90.0,58.0,,119.0,111.0,8.0,5.0,,10.0,407.0,4.0,56.0,,168.0,133.0,20.0,19.0,7.0,48.0,7.0,34.0,,,,31.0,62.0,100.0,41.0,9.0,29.0,5.0,59.0,26.0,23.0,42.0,55.0,36.0,16.0,7.0,7.0,309.0,15.0,304.0,,45.0,17.0,108.0,49.0,10.0,5.0,81.0,2.0,56.0,58.0,28.0,30.0,26.0,84.0,90.0,,,6.0,13.0,3645,NZ,-40.900557,174.88597099999998,New Zealand,NZL
132,Nicaragua,,,,3.0,13.0,27.0,1.0,4.0,6.0,,2.0,8.0,6.0,8.0,0.0,0.0,2.0,,,,,5.0,5.0,10.0,,,8.0,19.0,13.0,,,41.0,67.0,47.0,165.0,87.0,88.0,151.0,63.0,14.0,102.0,1.0,,,,,,,,,,,,,,,,14.0,,14.0,,,,,13.0,15.0,86.0,7.0,,13.0,1127,NI,12.865416,-85.207229,Nicaragua,NIC
133,Niger,,,,,,,,,,,1.0,1.0,,,1.0,1.0,,,,2.0,1.0,12.0,,,3.0,,,,2.0,57.0,7.0,,6.0,13.0,3.0,,3.0,,,,,7.0,,,,,,3.0,,,,,,5.0,,,,,8.0,1.0,0.0,0.0,,13.0,4.0,9.0,,3.0,,3.0,168,NE,17.607789,8.081666,Niger,NER
134,Nigeria,,,,,,,,,,5.0,,1.0,8.0,9.0,2.0,116.0,99.0,45.0,46.0,39.0,14.0,12.0,113.0,7.0,24.0,439.0,104.0,68.0,136.0,87.0,503.0,330.0,620.0,42.0,359.0,576.0,216.0,115.0,62.0,15.0,18.0,3.0,59.0,41.0,95.0,2.0,15.0,1.0,,,36.0,9.0,6.0,62.0,11.0,,15.0,60.0,33.0,65.0,188.0,62.0,30.0,30.0,218.0,186.0,50.0,41.0,49.0,30.0,5625,NG,9.081999,8.675277000000001,Nigeria,NGA
135,North Korea,862.0,372.0,211.0,674.0,263.0,404.0,479.0,428.0,827.0,579.0,405.0,69.0,181.0,197.0,168.0,117.0,855.0,854.0,1299.0,605.0,629.0,1572.0,568.0,640.0,933.0,636.0,502.0,312.0,369.0,238.0,416.0,263.0,549.0,511.0,283.0,1040.0,1097.0,849.0,854.0,595.0,295.0,198.0,137.0,93.0,35.0,143.0,78.0,9.0,9.0,179.0,18.0,28.0,9.0,8.0,8.0,5.0,15.0,5.0,5.0,4.0,1.0,,,,,,,,,,23986,KP,40.339852,127.510093,North Korea,PRK
136,North Yemen,0.0,,4.0,,,1.0,,60.0,25.0,8.0,,23.0,,,,,0.0,,27.0,11.0,,,,,9.0,9.0,0.0,13.0,14.0,743.0,706.0,149.0,45.0,9.0,98.0,101.0,,,80.0,,,,,,,,,,,,,,,,,,,,,,,,,,,,,,,,2137,YE,15.552726999999999,48.516388,North Yemen,YEM
137,Norway,113.0,127.0,426.0,421.0,19.0,168.0,282.0,142.0,144.0,110.0,145.0,93.0,60.0,227.0,260.0,371.0,766.0,686.0,280.0,518.0,145.0,86.0,68.0,63.0,55.0,49.0,35.0,27.0,24.0,44.0,251.0,435.0,457.0,441.0,337.0,122.0,141.0,198.0,308.0,667.0,369.0,322.0,254.0,181.0,94.0,79.0,152.0,159.0,152.0,155.0,229.0,99.0,90.0,9.0,6.0,14.0,555.0,593.0,615.0,583.0,159.0,606.0,143.0,51.0,16.0,143.0,140.0,352.0,549.0,443.0,16618,NO,60.472024,8.468946,Norway,NOR
138,NTC (Libya)*,,,,,,,,,,,,,,,,,,,,,,,,,,,,,,,,,,,,,,,,,,,,,,,,,,,,,,,,,,,,,,1.0,,,,,,,,,1,LY,26.3351,17.228331,NTC (Libya)*,LBY
139,Oman,,,,,,,,,,1.0,1.0,,,1.0,1.0,1.0,2.0,7.0,5.0,36.0,26.0,60.0,11.0,71.0,67.0,181.0,150.0,250.0,82.0,43.0,12.0,72.0,182.0,356.0,120.0,86.0,49.0,40.0,19.0,119.0,59.0,,,55.0,145.0,278.0,291.0,163.0,22.0,,118.0,33.0,40.0,36.0,41.0,170.0,298.0,12.0,72.0,93.0,30.0,21.0,120.0,490.0,715.0,127.0,423.0,777.0,277.0,105.0,7060,OM,21.512583,55.923255000000005,Oman,OMN
140,OSCE**,,,,,,,,,,,,,,,,,,,,,,,,,,,,,,,,,,,,,,,,,,,,,,,,,,,,,,,,,,,,,,,,,1.0,1.0,,,,,1,OS,48.210033,16.363449,OSCE**,OSC
141,Pakistan,194.0,169.0,145.0,95.0,145.0,195.0,158.0,529.0,353.0,323.0,42.0,69.0,88.0,198.0,85.0,214.0,594.0,153.0,418.0,540.0,447.0,565.0,675.0,162.0,230.0,241.0,279.0,256.0,649.0,710.0,854.0,485.0,537.0,777.0,856.0,738.0,280.0,617.0,412.0,962.0,635.0,495.0,379.0,1000.0,886.0,366.0,503.0,692.0,704.0,878.0,186.0,423.0,563.0,650.0,477.0,443.0,360.0,692.0,1071.0,1186.0,2199.0,1133.0,1018.0,1100.0,834.0,786.0,840.0,851.0,792.0,561.0,38140,PK,30.375321000000003,69.345116,Pakistan,PAK
142,Palau,,,,,,,,,,,,,,,,,,,,,,,,,,,,,,,,,,,,,,,,,2.0,,,,,,6.0,,,,,,,,,,,,,,,,,,,,,,,,8,PW,7.51498,134.58252,Palau,PLW
143,Palestine,,,,,,,,,,,,,,,,,,,,,,,,,,,,,,,,,,,,,,,,,,,,,5.0,1.0,9.0,,,,,,,,,,,2.0,,14.0,6.0,,,,,,,,,2.0,37,PS,31.952162,35.233154,Palestine,PSE
144,Panama,,,,,,,,,,,,,,,0.0,,,,0.0,3.0,15.0,18.0,2.0,16.0,,27.0,6.0,4.0,5.0,,3.0,4.0,13.0,8.0,0.0,7.0,,,23.0,2.0,,,2.0,,,,0.0,12.0,,,,,1.0,,,,,,,7.0,,,15.0,30.0,,,3.0,15.0,11.0,,249,PA,8.537981,-80.782127,Panama,PAN
145,Papua New Guinea,,,,,,,,,,,,,,,,,,,,,,,,,,32.0,,3.0,2.0,,,2.0,5.0,,3.0,,8.0,12.0,6.0,6.0,4.0,10.0,10.0,,1.0,,0.0,7.0,,,,,,,,,,,,,,,,,3.0,,,4.0,7.0,,124,PG,-6.314993,143.95555,Papua New Guinea,PNG
146,Paraguay,5.0,,1.0,1.0,,0.0,,,,,10.0,,11.0,0.0,8.0,1.0,1.0,5.0,9.0,,0.0,1.0,12.0,0.0,,20.0,3.0,,10.0,1.0,18.0,5.0,3.0,1.0,3.0,34.0,4.0,,14.0,,6.0,3.0,1.0,,,,2.0,,,,,6.0,,,4.0,1.0,,,,,3.0,8.0,7.0,0.0,,,,,,2.0,225,PY,-23.442503,-58.44383199999999,Paraguay,PRY
147,Peru,2.0,24.0,76.0,,111.0,35.0,175.0,117.0,30.0,175.0,191.0,96.0,14.0,24.0,18.0,53.0,65.0,28.0,197.0,89.0,35.0,157.0,160.0,449.0,572.0,550.0,378.0,939.0,776.0,642.0,710.0,870.0,278.0,324.0,362.0,257.0,248.0,613.0,241.0,16.0,97.0,107.0,124.0,42.0,175.0,46.0,124.0,312.0,52.0,97.0,24.0,4.0,16.0,22.0,47.0,368.0,193.0,172.0,,43.0,46.0,63.0,10.0,22.0,152.0,212.0,222.0,64.0,92.0,,13040,PE,-9.189967,-75.015152,Peru,PER
148,Philippines,,2.0,1.0,32.0,2.0,36.0,42.0,45.0,29.0,64.0,51.0,45.0,11.0,4.0,2.0,97.0,87.0,41.0,17.0,26.0,9.0,90.0,52.0,117.0,53.0,146.0,262.0,187.0,162.0,92.0,75.0,44.0,17.0,117.0,39.0,23.0,,26.0,12.0,19.0,33.0,34.0,43.0,61.0,71.0,27.0,40.0,70.0,64.0,,,10.0,5.0,10.0,34.0,12.0,23.0,16.0,10.0,1.0,3.0,63.0,16.0,78.0,12.0,153.0,230.0,278.0,18.0,187.0,3776,PH,12.879721,121.77401699999999,Philippines,PHL
149,PIJ (Israel/Palestine)*,,,,,,,,,,,,,,,,,,,,,,,,,,,,,,,,,,,,,,,,,,,,,,,,,,,,,,,,,,,,,,,0.0,,,,,,,,0,PS,31.952162,35.233154,PIJ (Israel/Palestine)*,PSE
150,PKK (Turkey)*,,,,,,,,,,,,,,,,,,,,,,,,,,,,,,,,,,,,,,,,,,,,,0.0,,,0.0,,,,,,,,,,,,,,,,,,0.0,,,,,1,TR,38.963745,35.243322,PKK (Turkey)*,TUR
151,Poland,190.0,575.0,794.0,1021.0,1999.0,1098.0,687.0,1080.0,1048.0,994.0,853.0,849.0,688.0,1001.0,1565.0,1155.0,981.0,746.0,866.0,948.0,948.0,940.0,866.0,1062.0,1079.0,971.0,790.0,930.0,1116.0,1131.0,1093.0,811.0,724.0,528.0,462.0,918.0,1380.0,1020.0,896.0,498.0,227.0,76.0,95.0,8.0,72.0,248.0,105.0,1.0,3.0,25.0,148.0,33.0,256.0,350.0,226.0,115.0,465.0,992.0,597.0,171.0,159.0,88.0,232.0,154.0,254.0,133.0,45.0,153.0,122.0,308.0,43162,PL,51.919438,19.145135999999997,Poland,POL
152,Portugal,18.0,18.0,116.0,284.0,286.0,162.0,91.0,157.0,99.0,48.0,31.0,151.0,29.0,41.0,45.0,63.0,236.0,298.0,388.0,359.0,371.0,177.0,17.0,17.0,117.0,326.0,64.0,94.0,128.0,5.0,36.0,50.0,190.0,4.0,109.0,155.0,5.0,9.0,90.0,136.0,73.0,1018.0,19.0,361.0,453.0,20.0,7.0,0.0,16.0,3.0,2.0,19.0,,29.0,70.0,158.0,220.0,60.0,144.0,370.0,894.0,170.0,40.0,13.0,3.0,1.0,21.0,12.0,26.0,44.0,9284,PT,39.399871999999995,-8.224454,Portugal,PRT
153,PRC (Israel/Palestine)*,,,,,,,,,,,,,,,,,,,,,,,,,,,,,,,,,,,,,,,,,,,,,,,,,,,,,,,,,,,,,,,,,0.0,,,,,,0,PS,31.952162,35.233154,PRC (Israel/Palestine)*,PSE
154,Qatar,,,,,,,,,,,,,,,,,,,2.0,3.0,6.0,16.0,,,,38.0,26.0,55.0,16.0,14.0,55.0,46.0,128.0,470.0,328.0,2.0,2.0,57.0,91.0,10.0,5.0,17.0,64.0,11.0,10.0,11.0,201.0,242.0,300.0,72.0,14.0,11.0,11.0,11.0,,,,27.0,,286.0,30.0,198.0,319.0,73.0,55.0,520.0,903.0,667.0,596.0,2258.0,8274,QA,25.354826,51.183884,Qatar,QAT
155,Romania,4.0,76.0,455.0,904.0,629.0,359.0,448.0,186.0,106.0,97.0,113.0,27.0,181.0,227.0,418.0,518.0,401.0,442.0,603.0,411.0,573.0,487.0,513.0,551.0,695.0,658.0,295.0,349.0,298.0,645.0,528.0,478.0,448.0,285.0,241.0,332.0,450.0,215.0,193.0,276.0,606.0,63.0,184.0,14.0,29.0,2.0,39.0,61.0,170.0,142.0,21.0,24.0,21.0,17.0,285.0,437.0,61.0,98.0,76.0,56.0,107.0,80.0,21.0,20.0,0.0,22.0,177.0,83.0,36.0,61.0,18121,RO,45.943160999999996,24.96676,Romania,ROU
156,Russia,,,,,,,,,,,,,,,,,,,,,,,,,,,,,,,,,,,,,,,,,,,40.0,,,,,,,,,,,,,,4.0,100.0,,8.0,25.0,10.0,121.0,183.0,218.0,85.0,145.0,93.0,26.0,,1057,RU,61.52401,105.31875600000001,Russia,RUS
157,Rwanda,,,,,,,,,,,,,5.0,,0.0,0.0,,,,,,0.0,0.0,2.0,1.0,3.0,,1.0,,,,,,4.0,6.0,3.0,2.0,,2.0,,1.0,2.0,5.0,,,,1.0,2.0,9.0,20.0,14.0,,,,,,3.0,20.0,8.0,11.0,,,5.0,15.0,14.0,27.0,,8.0,3.0,,193,RW,-1.940278,29.873888,Rwanda,RWA
158,Saint Kitts and Nevis,,,,,,,,,,,,,,,,,,,,,,,,,,,,,,,,,,,,6.0,,,,,,,,,,,,,,,,,,,,,,,,,,,,,,,,,,,6,KN,17.357822,-62.782998,Saint Kitts and Nevis,KNA
159,Samoa,,,,,,,,,,,,,,,,,,,,,,,,,,,,,,,,,,,,,,,6.0,,,,,,,,,,,,,,,,,,,,,,,,,,,,,,,7.0,13,WS,-13.759029,-172.10462900000002,Samoa,WSM
160,Saudi Arabia,0.0,,7.0,1.0,2.0,16.0,10.0,56.0,37.0,8.0,17.0,12.0,22.0,,5.0,48.0,229.0,210.0,456.0,383.0,54.0,10.0,101.0,182.0,375.0,474.0,607.0,946.0,1014.0,762.0,1094.0,1814.0,2219.0,1823.0,835.0,1330.0,2850.0,2009.0,783.0,1382.0,2073.0,1041.0,1125.0,2377.0,981.0,983.0,1731.0,2787.0,2895.0,1580.0,85.0,61.0,567.0,167.0,1170.0,167.0,206.0,230.0,391.0,824.0,1083.0,1222.0,1033.0,1614.0,2741.0,3380.0,2947.0,3934.0,3760.0,3673.0,69006,SA,23.885942,45.079162,Saudi Arabia,SAU
161,Senegal,,,,,,,,,,,0.0,8.0,,0.0,4.0,0.0,1.0,,1.0,19.0,,12.0,,1.0,17.0,,14.0,41.0,20.0,29.0,,,7.0,38.0,4.0,,14.0,18.0,,,,,,,1.0,6.0,,,,,,,,,,15.0,9.0,18.0,6.0,4.0,4.0,20.0,,5.0,7.0,16.0,40.0,47.0,12.0,31.0,487,SN,14.497401000000002,-14.452361999999999,Senegal,SEN
162,Serbia,,,,,,,,,,,,,,,,,,,,,,,,,,,,,,,,,,,,,,,,,,,4.0,2.0,2.0,8.0,1.0,13.0,6.0,1.0,1.0,27.0,,,,,,,,,16.0,,0.0,,,,14.0,65.0,3.0,171.0,332,RS,44.016521000000004,21.005859,Serbia,SRB
163,Seychelles,,,,,,,,,,,,,,,,,,,,,,,,,,,,1.0,,19.0,6.0,1.0,2.0,15.0,,,10.0,,1.0,,0.0,,,,,,,,,,,,,,,15.0,,,,,,7.0,,7.0,16.0,,8.0,,7.0,,113,SC,-4.679574,55.491977,Seychelles,SYC
164,Sierra Leone,,,,,,,,,,,,,,,,,,,,,,,,28.0,,,1.0,,2.0,,42.0,,,1.0,3.0,,,18.0,,,,,1.0,,6.0,14.0,,16.0,,12.0,,,,,,,9.0,,,,,2.0,0.0,1.0,,0.0,1.0,,,,158,SL,8.460555000000001,-11.779889,Sierra Leone,SLE
165,Singapore,,,,,,,6.0,,,,,,,,,1.0,8.0,,6.0,139.0,92.0,165.0,177.0,99.0,295.0,255.0,254.0,171.0,50.0,338.0,410.0,167.0,176.0,245.0,83.0,123.0,75.0,277.0,546.0,238.0,527.0,375.0,112.0,170.0,183.0,306.0,171.0,624.0,816.0,313.0,798.0,255.0,236.0,86.0,379.0,541.0,72.0,358.0,1116.0,1429.0,958.0,900.0,748.0,748.0,65.0,147.0,631.0,429.0,592.0,614.0,19090,SG,1.352083,103.819836,Singapore,SGP
166,Slovakia,,,,,,,,,,,,,,,,,,,,,,,,,,,,,,,,,,,,,,,,,,,,146.0,29.0,208.0,29.0,,,,0.0,,27.0,,,4.0,,0.0,0.0,9.0,9.0,,2.0,5.0,,,,47.0,34.0,36.0,584,SK,48.669026,19.699023999999998,Slovakia,SVK
167,Slovenia,,,,,,,,,,,,,,,,,,,,,,,,,,,,,,,,,,,,,,,,,,2.0,10.0,22.0,11.0,22.0,20.0,8.0,4.0,18.0,2.0,41.0,2.0,17.0,17.0,3.0,3.0,2.0,,7.0,40.0,28.0,,,1.0,,,,,,280,SI,46.151241,14.995463,Slovenia,SVN
168,Solomon Islands,,,,,,,,,,,,,,,,,,,,,,,,,,,,,,,,,,,,,,,6.0,,,6.0,,,,,,,,,,,,,,,,,,,,,,,,,,,,7.0,19,SB,-9.645710000000001,160.156194,Solomon Islands,SLB
169,Somalia,,,,,,,,,,,10.0,2.0,0.0,11.0,,30.0,52.0,72.0,4.0,1.0,,0.0,21.0,165.0,290.0,128.0,180.0,44.0,57.0,48.0,120.0,97.0,61.0,23.0,12.0,42.0,15.0,,,,16.0,,,,,,,,,1.0,,,,,,,,,,,,,,3.0,,1.0,2.0,2.0,,8.0,1519,SO,5.152149,46.199616,Somalia,SOM
170,South Africa,37.0,73.0,183.0,53.0,49.0,106.0,270.0,173.0,169.0,68.0,13.0,,215.0,476.0,266.0,353.0,468.0,260.0,179.0,173.0,474.0,272.0,227.0,316.0,184.0,223.0,415.0,507.0,390.0,130.0,200.0,122.0,49.0,226.0,127.0,29.0,211.0,16.0,7.0,13.0,13.0,27.0,363.0,244.0,239.0,38.0,38.0,11.0,,21.0,6.0,18.0,,,,267.0,785.0,954.0,493.0,134.0,180.0,212.0,132.0,2.0,50.0,2.0,,,,,11949,ZA,-30.559482,22.937506,South Africa,ZAF
171,South Korea,155.0,256.0,266.0,263.0,158.0,354.0,412.0,236.0,212.0,284.0,252.0,254.0,131.0,203.0,268.0,623.0,569.0,125.0,345.0,494.0,76.0,240.0,375.0,253.0,446.0,647.0,552.0,1193.0,375.0,1348.0,918.0,888.0,677.0,493.0,520.0,753.0,859.0,763.0,1213.0,1838.0,1211.0,904.0,785.0,1010.0,1018.0,1957.0,1976.0,1226.0,1431.0,1645.0,1397.0,775.0,531.0,755.0,1061.0,808.0,1654.0,1729.0,1685.0,797.0,1284.0,1576.0,1078.0,185.0,723.0,272.0,1059.0,1056.0,1106.0,1510.0,54489,KR,35.907757000000004,127.766922,South Korea,KOR
172,South Sudan,,,,,,,,,,,,,,,,,,,,,,,,,,,,,,,,,,,,,,,,,,,,,,,,,,,,,,,,,,37.0,44.0,1.0,2.0,61.0,2.0,9.0,35.0,19.0,8.0,,,,216,SD,12.862807,30.217636,South Sudan,SDN
173,South Vietnam,,,,0.0,45.0,61.0,115.0,24.0,25.0,20.0,43.0,111.0,165.0,131.0,80.0,143.0,182.0,253.0,270.0,553.0,640.0,955.0,2523.0,623.0,346.0,,,,,,,,,,,,,,,,,,,,,,,,,,,,,,,,,,,,,,,,,,,,,,7306,VN,14.058323999999999,108.277199,South Vietnam,VNM
174,South Yemen,,,,,,,,,,,,,,,,,,29.0,13.0,58.0,17.0,49.0,112.0,83.0,68.0,12.0,,8.0,55.0,1110.0,1224.0,502.0,41.0,99.0,71.0,52.0,74.0,89.0,12.0,45.0,,,,,,,,,,,,,,,,,,,,,,,,,,,,,,,3821,YE,15.552726999999999,48.516388,South Yemen,YEM
175,Soviet Union,36.0,,,8.0,48.0,948.0,1540.0,1500.0,1500.0,900.0,677.0,175.0,174.0,237.0,463.0,485.0,607.0,576.0,543.0,578.0,493.0,525.0,795.0,583.0,957.0,771.0,800.0,876.0,803.0,842.0,767.0,804.0,676.0,725.0,914.0,1004.0,1379.0,1533.0,1611.0,1201.0,693.0,132.0,,,,,,,,,,,,,,,,,,,,,,,,,,,,,29877,RU,61.52401,105.31875600000001,Soviet Union,RUS
176,Spain,1.0,,,78.0,89.0,218.0,274.0,288.0,136.0,295.0,231.0,112.0,55.0,14.0,60.0,401.0,277.0,279.0,128.0,187.0,237.0,601.0,751.0,906.0,580.0,1185.0,831.0,280.0,492.0,658.0,691.0,631.0,517.0,609.0,88.0,338.0,1111.0,1110.0,1958.0,859.0,709.0,112.0,212.0,303.0,858.0,359.0,427.0,214.0,85.0,371.0,328.0,153.0,277.0,254.0,315.0,363.0,315.0,339.0,349.0,231.0,288.0,168.0,224.0,155.0,109.0,135.0,86.0,87.0,138.0,56.0,25574,ES,40.463667,-3.7492199999999998,Spain,ESP
177,Sri Lanka,0.0,,0.0,17.0,,8.0,1.0,2.0,20.0,31.0,4.0,,,,0.0,,,,,2.0,,33.0,47.0,,,1.0,0.0,17.0,7.0,,18.0,,,,52.0,42.0,27.0,110.0,19.0,5.0,19.0,166.0,22.0,35.0,74.0,64.0,210.0,50.0,85.0,64.0,297.0,161.0,45.0,35.0,49.0,58.0,97.0,92.0,79.0,21.0,4.0,21.0,,20.0,5.0,,,45.0,99.0,59.0,2441,LK,7.873054,80.77179699999999,Sri Lanka,LKA
178,Sudan,,,,,,,,2.0,5.0,4.0,9.0,15.0,19.0,8.0,36.0,5.0,5.0,2.0,16.0,177.0,595.0,87.0,69.0,23.0,3.0,,,26.0,208.0,4.0,3.0,204.0,90.0,25.0,106.0,65.0,9.0,122.0,77.0,16.0,3.0,81.0,6.0,,,3.0,27.0,63.0,,36.0,,106.0,49.0,204.0,293.0,132.0,69.0,33.0,128.0,89.0,182.0,173.0,95.0,130.0,61.0,124.0,109.0,68.0,34.0,,4332,SD,12.862807,30.217636,Sudan,SDN
179,Suriname,,,,,,,,,,,,,,,,,,,,,,,,,,0.0,5.0,10.0,,,,0.0,2.0,,7.0,,5.0,2.0,,,,,,,,,,,,23.0,2.0,,,,,,,,,,,,0.0,7.0,,3.0,,,,,66,SR,3.9193050000000005,-56.02778299999999,Suriname,SUR
180,Sweden,225.0,299.0,317.0,390.0,454.0,559.0,574.0,219.0,245.0,205.0,159.0,87.0,133.0,307.0,397.0,289.0,280.0,326.0,226.0,138.0,108.0,86.0,161.0,231.0,256.0,292.0,214.0,100.0,197.0,247.0,246.0,452.0,171.0,179.0,106.0,77.0,154.0,159.0,125.0,105.0,90.0,49.0,60.0,39.0,297.0,95.0,95.0,195.0,294.0,224.0,204.0,165.0,76.0,64.0,47.0,78.0,129.0,51.0,53.0,17.0,11.0,191.0,207.0,56.0,45.0,14.0,70.0,46.0,7.0,9.0,12466,SE,60.128161,18.643501,Sweden,SWE
181,Switzerland,154.0,151.0,315.0,169.0,142.0,230.0,313.0,223.0,232.0,289.0,219.0,37.0,4.0,50.0,261.0,226.0,362.0,165.0,188.0,157.0,135.0,149.0,186.0,116.0,64.0,138.0,143.0,5.0,214.0,222.0,269.0,290.0,172.0,437.0,399.0,337.0,108.0,151.0,179.0,319.0,440.0,476.0,388.0,104.0,119.0,93.0,187.0,379.0,436.0,507.0,23.0,68.0,63.0,117.0,203.0,168.0,83.0,108.0,18.0,39.0,48.0,32.0,11.0,6.0,5.0,12.0,73.0,34.0,10.0,13.0,12182,CH,46.818188,8.227511999999999,Switzerland,CHE
182,Syria,74.0,1.0,20.0,18.0,61.0,75.0,106.0,381.0,124.0,38.0,37.0,12.0,20.0,74.0,50.0,77.0,508.0,889.0,805.0,852.0,880.0,731.0,1497.0,3292.0,3443.0,1412.0,500.0,938.0,863.0,2060.0,1874.0,1348.0,1973.0,2233.0,1809.0,1575.0,1262.0,1409.0,1312.0,663.0,739.0,321.0,243.0,173.0,19.0,35.0,35.0,35.0,55.0,58.0,64.0,28.0,45.0,69.0,25.0,35.0,100.0,20.0,294.0,210.0,426.0,496.0,516.0,506.0,21.0,22.0,8.0,25.0,181.0,,40101,SY,34.802075,38.996815000000005,Syria,SYR
183,Syria rebels*,,,,,,,,,,,,,,,,,,,,,,,,,,,,,,,,,,,,,,,,,,,,,,,,,,,,,,,,,,,,,,,1.0,1.0,0.0,,,2.0,,,4,SY,34.802075,38.996815000000005,Syria rebels*,SYR
184,Taiwan,,98.0,304.0,383.0,320.0,623.0,256.0,436.0,739.0,1009.0,428.0,108.0,137.0,320.0,347.0,464.0,321.0,473.0,295.0,581.0,580.0,347.0,245.0,329.0,366.0,342.0,480.0,800.0,789.0,546.0,518.0,789.0,804.0,728.0,433.0,646.0,967.0,598.0,659.0,365.0,479.0,663.0,479.0,1157.0,856.0,1322.0,1474.0,4799.0,3949.0,1731.0,573.0,332.0,298.0,117.0,319.0,692.0,504.0,12.0,11.0,60.0,97.0,198.0,424.0,549.0,1078.0,630.0,97.0,493.0,109.0,51.0,42522,TW,23.69781,120.96051499999999,Taiwan,TWN
185,Tajikistan,,,,,,,,,,,,,,,,,,,,,,,,,,,,,,,,,,,,,,,,,,,,,27.0,,,,,,,,,,,,13.0,7.0,,34.0,,,,3.0,,,8.0,19.0,3.0,3.0,116,TJ,38.861034000000004,71.276093,Tajikistan,TJK
186,Tanzania,,,,,,,,,,,,,,,4.0,4.0,22.0,1.0,,,11.0,60.0,47.0,118.0,189.0,48.0,,44.0,63.0,260.0,53.0,121.0,9.0,,,,1.0,,,5.0,,,18.0,,4.0,,4.0,,,,2.0,,,51.0,,10.0,12.0,1.0,,25.0,,78.0,115.0,118.0,14.0,20.0,20.0,2.0,32.0,,1584,TZ,-6.369028,34.888822,Tanzania,TZA
187,Thailand,63.0,89.0,61.0,44.0,60.0,34.0,10.0,90.0,15.0,10.0,28.0,57.0,111.0,110.0,97.0,89.0,112.0,151.0,67.0,134.0,213.0,239.0,201.0,340.0,97.0,77.0,148.0,104.0,319.0,173.0,308.0,314.0,82.0,325.0,387.0,185.0,165.0,541.0,610.0,270.0,230.0,572.0,497.0,185.0,613.0,528.0,736.0,935.0,76.0,167.0,85.0,117.0,152.0,131.0,114.0,70.0,47.0,8.0,16.0,64.0,46.0,268.0,278.0,358.0,96.0,173.0,336.0,302.0,630.0,301.0,14660,TH,15.870032,100.992541,Thailand,THA
188,Timor-Leste,,,,,,,,,,,,,,,,,,,,,,,,,,,,,,,,,,,,,,,,,,,,,,,,,,,,,,,,,,,,,18.0,14.0,,,,,,,,,32,TL,-8.874217,125.727539,Timor-Leste,TLS
189,Togo,,,,,,,,,,,1.0,,,,0.0,0.0,,,1.0,1.0,2.0,1.0,,2.0,,14.0,50.0,1.0,9.0,9.0,28.0,19.0,4.0,2.0,,,17.0,0.0,1.0,,,9.0,8.0,,3.0,3.0,,9.0,,,,,,,,,,,,,1.0,,,,15.0,,,,,2.0,209,TG,8.619543,0.824782,Togo,TGO
190,Tonga,,,,,,,,,,,,,,,,,,,,,,,,,,,,,,,,,,,,,0.0,,,6.0,6.0,6.0,,,,,0.0,,,,,,,,,,,,,,,,,,,5.0,,,,7.0,31,TO,-21.178986,-175.198242,Tonga,TON
191,Trinidad and Tobago,,,,,,,,,,,,,,,,11.0,0.0,,,,,,11.0,2.0,,,,,,,22.0,6.0,,,,,,0.0,,,,,,,,,,,,,11.0,0.0,2.0,,,,,6.0,,,24.0,12.0,12.0,,,46.0,30.0,,,,194,TT,10.691803,-61.222503,Trinidad and Tobago,TTO
192,Tunisia,,,,,,,,11.0,,13.0,44.0,6.0,,7.0,4.0,40.0,,5.0,17.0,23.0,44.0,0.0,4.0,26.0,14.0,15.0,10.0,93.0,14.0,122.0,103.0,56.0,59.0,103.0,116.0,321.0,,56.0,17.0,48.0,4.0,20.0,32.0,,35.0,56.0,68.0,39.0,18.0,11.0,,,83.0,1.0,,168.0,2.0,,3.0,,7.0,7.0,,38.0,44.0,7.0,29.0,89.0,180.0,15.0,2344,TN,33.886917,9.537499,Tunisia,TUN
193,Turkey,117.0,136.0,315.0,514.0,473.0,335.0,198.0,544.0,630.0,934.0,592.0,312.0,300.0,616.0,835.0,412.0,330.0,589.0,420.0,639.0,391.0,937.0,1096.0,789.0,1279.0,639.0,365.0,299.0,992.0,919.0,488.0,732.0,483.0,478.0,560.0,690.0,487.0,1440.0,1644.0,1033.0,1288.0,1254.0,1888.0,2348.0,1893.0,1582.0,1505.0,1531.0,2645.0,1740.0,1185.0,510.0,905.0,330.0,257.0,1095.0,531.0,692.0,640.0,732.0,484.0,779.0,1500.0,796.0,1526.0,441.0,331.0,425.0,591.0,833.0,57239,TR,38.963745,35.243322,Turkey,TUR
194,Turkmenistan,,,,,,,,,,,,,,,,,,,,,,,,,,,,,,,,,,,,,,,,,,,,,,,,,,,,,,18.0,21.0,,,,7.0,36.0,27.0,236.0,113.0,71.0,74.0,172.0,428.0,92.0,,,1293,TM,38.969719,59.556278000000006,Turkmenistan,TKM
195,Tuvalu,,,,,,,,,,,,,,,,,,,,,,,,,,,,,,,,,,,,,,,,,,,,,6.0,,,,,,,,,,,,,,,,,,,,,,,,,7.0,13,TV,-7.109535,177.64933,Tuvalu,TUV
196,UAE,,,,,,,,,,,,,,,,,,,13.0,13.0,69.0,24.0,26.0,93.0,106.0,144.0,270.0,294.0,207.0,18.0,203.0,430.0,159.0,164.0,312.0,144.0,137.0,199.0,42.0,652.0,559.0,235.0,201.0,579.0,566.0,419.0,480.0,688.0,758.0,437.0,247.0,186.0,222.0,685.0,1211.0,2171.0,2023.0,919.0,753.0,597.0,643.0,1236.0,1155.0,2311.0,767.0,1222.0,955.0,965.0,1197.0,644.0,28745,AE,23.424076,53.847818000000004,UAE,ARE
197,Uganda,,,,,,,,,,,,,,,3.0,1.0,16.0,4.0,24.0,12.0,7.0,3.0,20.0,17.0,46.0,125.0,35.0,5.0,,,,,14.0,,,10.0,,31.0,1.0,20.0,,,,,,32.0,,,55.0,39.0,6.0,,34.0,,36.0,10.0,5.0,0.0,14.0,25.0,37.0,471.0,219.0,20.0,1.0,5.0,1.0,21.0,9.0,1.0,1433,UG,1.373333,32.290275,Uganda,UGA
198,Ukraine,,,,,,,,,,,,,,,,,,,,,,,,,,,,,,,,,,,,,,,,,,,,,,,,,,,,,,,,,,,,,,,,,1.0,23.0,5.0,,65.0,14.0,107,UA,48.379433,31.16558,Ukraine,UKR
199,Ukraine Rebels*,,,,,,,,,,,,,,,,,,,,,,,,,,,,,,,,,,,,,,,,,,,,,,,,,,,,,,,,,,,,,,,,,24.0,,,,,,24,UA,48.379433,31.16558,Ukraine Rebels*,UKR
200,United Kingdom,105.0,246.0,532.0,1591.0,512.0,315.0,126.0,90.0,545.0,548.0,29.0,34.0,38.0,139.0,118.0,152.0,216.0,1422.0,2288.0,2570.0,60.0,171.0,217.0,233.0,292.0,299.0,213.0,230.0,172.0,226.0,552.0,802.0,767.0,291.0,635.0,363.0,277.0,212.0,280.0,205.0,117.0,936.0,1132.0,784.0,414.0,492.0,568.0,496.0,741.0,125.0,871.0,1277.0,720.0,775.0,217.0,27.0,308.0,776.0,490.0,376.0,490.0,361.0,578.0,494.0,211.0,397.0,259.0,952.0,518.0,377.0,34388,GB,55.378051,-3.435973,United Kingdom,GBR
201,United Nations**,,,,,,,,,,,14.0,0.0,,,,,,,,,,,,,,,,,,,,,,,,,,,,,,4.0,,12.0,55.0,11.0,,,1.0,7.0,31.0,,,,2.0,1.0,2.0,1.0,0.0,,,,,5.0,25.0,3.0,9.0,,,,182,ON,40.73061,-73.935242,United Nations**,ONU
202,United States,352.0,702.0,882.0,1322.0,2467.0,1892.0,2071.0,1371.0,701.0,645.0,221.0,238.0,264.0,323.0,326.0,190.0,109.0,84.0,70.0,70.0,46.0,589.0,781.0,666.0,594.0,395.0,499.0,387.0,371.0,253.0,380.0,531.0,248.0,463.0,381.0,655.0,420.0,1992.0,1787.0,1784.0,357.0,519.0,551.0,988.0,982.0,788.0,580.0,588.0,264.0,222.0,334.0,493.0,504.0,602.0,570.0,529.0,639.0,829.0,960.0,974.0,1083.0,1004.0,1203.0,789.0,548.0,516.0,458.0,524.0,380.0,1048.0,47345,US,37.09024,-95.712891,United States,USA
203,Unknown recipient(s),,,,,,,,,,10.0,10.0,18.0,38.0,67.0,76.0,76.0,58.0,58.0,58.0,58.0,18.0,10.0,10.0,5.0,5.0,,,,,,30.0,85.0,85.0,86.0,86.0,86.0,86.0,86.0,86.0,41.0,,11.0,11.0,18.0,4.0,8.0,3.0,,4.0,,,2.0,,0.0,0.0,,,,12.0,,8.0,6.0,,29.0,30.0,13.0,36.0,17.0,26.0,41.0,1607,ZZ,30.602278000000002,-44.134617,Unknown recipient(s),ZZZ
204,Uruguay,68.0,3.0,39.0,3.0,1.0,2.0,27.0,21.0,9.0,,17.0,0.0,100.0,0.0,2.0,8.0,6.0,,10.0,12.0,10.0,16.0,24.0,6.0,5.0,3.0,53.0,2.0,8.0,9.0,21.0,100.0,15.0,17.0,,8.0,,,16.0,41.0,41.0,63.0,25.0,18.0,10.0,9.0,4.0,19.0,27.0,7.0,4.0,,13.0,,,20.0,8.0,3.0,78.0,29.0,20.0,,,3.0,9.0,8.0,,,10.0,1.0,1113,UY,-32.522779,-55.765834999999996,Uruguay,URY
205,Uzbekistan,,,,,,,,,,,,,,,,,,,,,,,,,,,,,,,,,,,,,,,,,,,,,,,,,,,,8.0,9.0,,,,,,,,30.0,,,,17.0,100.0,56.0,,131.0,53.0,404,UZ,41.377491,64.585262,Uzbekistan,UZB
206,Vanuatu,,,,,,,,,,,,,,,,,,,,,,,,,,,,,,,,,,,,,,6.0,,,,,,,,,,,,,,,,,,,,,,,,,,,,,,,,,6,VU,-15.376706,166.959158,Vanuatu,VUT
207,Venezuela,61.0,,25.0,195.0,135.0,66.0,406.0,285.0,120.0,7.0,62.0,30.0,32.0,37.0,2.0,,37.0,236.0,20.0,8.0,15.0,119.0,164.0,395.0,251.0,229.0,176.0,221.0,59.0,15.0,370.0,920.0,704.0,242.0,230.0,517.0,92.0,73.0,101.0,117.0,187.0,316.0,74.0,39.0,1.0,5.0,35.0,37.0,8.0,85.0,108.0,103.0,50.0,15.0,9.0,21.0,380.0,774.0,737.0,358.0,208.0,596.0,687.0,993.0,181.0,167.0,137.0,,,,13083,VE,6.42375,-66.58973,Venezuela,VEN
208,Viet Nam,,,,,10.0,19.0,9.0,54.0,26.0,59.0,103.0,95.0,47.0,107.0,248.0,639.0,1126.0,1089.0,1168.0,893.0,1199.0,1179.0,1312.0,1295.0,851.0,485.0,42.0,42.0,227.0,1257.0,1025.0,1085.0,529.0,913.0,554.0,28.0,78.0,50.0,65.0,128.0,116.0,,,,,281.0,212.0,110.0,220.0,163.0,7.0,99.0,58.0,22.0,298.0,221.0,42.0,8.0,187.0,61.0,152.0,1021.0,788.0,362.0,1218.0,862.0,858.0,755.0,577.0,161.0,26891,VN,14.058323999999999,108.277199,Viet Nam,VNM
209,Western Sahara,,,,,,,,,,,,,,,,,,,,,,,,,,,,,,0.0,,25.0,,7.0,,,39.0,,2.0,,4.0,,,,,,,,,,,,,,,,,,,,,,,,,,0.0,,,,77,EH,24.215526999999998,-12.885834,Western Sahara,ESH
210,Yemen,,,,,,,,,,,,,,,,,,,,,,,,,,,,,,,,,,,,,,,,,78.0,113.0,,,4.0,171.0,,,1.0,51.0,158.0,85.0,593.0,62.0,252.0,315.0,38.0,66.0,40.0,5.0,258.0,45.0,38.0,23.0,6.0,33.0,7.0,6.0,9.0,,2456,YE,15.552726999999999,48.516388,Yemen,YEM
211,Yugoslavia,,182.0,490.0,525.0,534.0,334.0,352.0,229.0,112.0,285.0,259.0,175.0,397.0,624.0,463.0,549.0,544.0,693.0,681.0,586.0,554.0,486.0,328.0,163.0,156.0,565.0,526.0,594.0,406.0,763.0,495.0,440.0,631.0,577.0,283.0,355.0,344.0,329.0,713.0,331.0,310.0,140.0,2.0,,,,,,,,,,,,,,,,,,,,,,,,,,,,17505,RS,44.016521000000004,21.005859,Yugoslavia,SRB
212,Zambia,,,,,,,,,,,,,,,7.0,16.0,17.0,,,7.0,4.0,166.0,29.0,19.0,9.0,48.0,109.0,34.0,42.0,4.0,136.0,216.0,48.0,13.0,18.0,,,,,,,,,,,,6.0,,,,33.0,,2.0,,,0.0,28.0,4.0,2.0,,,1.0,66.0,,,14.0,43.0,44.0,,38.0,1220,ZM,-13.133897,27.849332,Zambia,ZMB
213,Zimbabwe,1.0,11.0,2.0,8.0,36.0,27.0,8.0,,61.0,,15.0,,16.0,20.0,,,,16.0,,,,2.0,11.0,0.0,2.0,31.0,16.0,4.0,13.0,,,15.0,80.0,34.0,26.0,28.0,212.0,29.0,2.0,,2.0,42.0,60.0,0.0,,,,,1.0,25.0,3.0,10.0,,16.0,13.0,25.0,25.0,,,,,,,,,,,,,,946,ZW,-19.015438,29.154857,Zimbabwe,ZWE
