Country Name,1950,1951,1952,1953,1954,1955,1956,1957,1958,1959,1960,1961,1962,1963,1964,1965,1966,1967,1968,1969,1970,1971,1972,1973,1974,1975,1976,1977,1978,1979,1980,1981,1982,1983,1984,1985,1986,1987,1988,1989,1990,1991,1992,1993,1994,1995,1996,1997,1998,1999,2000,2001,2002,2003,2004,2005,2006,2007,2008,2009,2010,2011,2012,2013,2014,2015,2016,2017,2018,2019,Total,country,latitude,longitude,name,code3
Aruba,0,0,0,0,0,0,0,0,0,0,0,0,0,0,0,0,0,0,0,0,0,0,0,0,0,0,0,0,0,0,0,0,0,0,0,0,0,0,0,0,0,0,0,0,0,0,18,0,0,0,0,0,0,0,0,0,0,0,0,0,0,0,0,0,0,0,0,0,0,0,18,AW,12.52111,-69.968338,Aruba,ABW
Mujahedin (Afghanistan)*,0,0,0,0,0,0,0,0,0,0,0,0,0,0,0,0,0,0,0,0,0,0,0,0,0,0,0,0,0,0,0,0,0,0,0,0,0,0,0,0,0,0,1,0,0,0,0,0,0,0,0,0,0,0,0,0,0,0,0,0,0,0,0,0,0,0,0,0,0,0,1,AF,33.93911,67.709953,Mujahedin (Afghanistan)*,AFG
Angola,0,0,0,0,0,0,0,0,0,0,0,0,0,0,0,0,0,0,0,0,0,0,0,0,0,0,0,0,0,3,0,0,0,0,0,0,0,0,0,0,0,0,8,0,0,0,0,0,0,0,0,0,2,0,0,0,0,0,0,0,0,0,0,0,0,0,0,0,0,0,13,AO,-11.202692,17.873887,Angola,AGO
Albania,0,0,0,0,0,0,0,0,0,0,0,0,0,0,0,0,0,0,0,0,0,0,0,0,0,0,0,0,0,0,0,0,0,0,0,0,0,0,0,0,0,0,0,0,0,0,0,0,0,0,0,0,0,0,0,0,0,0,0,0,0,0,0,0,0,0,0,0,0,0,0,AL,41.153332,20.168331,Albania,ALB
UAE,0,0,0,0,0,0,0,0,0,0,0,0,0,0,0,0,0,0,0,0,0,0,0,0,8,0,0,0,0,0,0,0,0,14,0,0,22,1,0,0,2,0,0,0,0,28,6,32,0,0,0,0,0,0,3,11,17,3,0,34,39,3,69,106,73,131,92,97,113,104,1006,AE,23.424076,53.847818,UAE,ARE
Argentina,0,0,0,0,0,0,0,0,0,0,0,0,6,0,4,0,0,0,8,0,0,0,11,0,0,0,1,0,0,8,1,24,3,1,0,0,0,4,1,0,6,0,0,11,4,5,0,0,0,0,2,6,2,0,0,0,2,0,0,0,0,1,0,0,0,0,0,0,0,0,113,AR,-38.416097,-63.616672,Argentina,ARG
Armenia,0,0,0,0,0,0,0,0,0,0,0,0,0,0,0,0,0,0,0,0,0,0,0,0,0,0,0,0,0,0,0,0,0,0,0,0,0,0,0,0,0,0,0,0,0,0,0,0,0,0,0,0,0,0,0,0,4,0,0,0,0,0,0,0,0,0,0,0,0,0,4,AM,40.069099,45.038189,Armenia,ARM
Australia,0,0,36,0,0,125,0,0,0,0,0,2,4,0,0,0,0,0,0,26,17,36,6,72,92,131,113,62,21,22,15,15,24,31,62,10,57,89,18,18,158,85,0,30,36,36,16,20,4,0,0,43,47,44,2,49,14,18,26,80,115,143,45,54,97,87,134,98,38,148,2771,AU,-25.274398,133.775136,Australia,AUS
Austria,0,0,0,0,0,0,0,0,0,0,0,0,0,0,0,0,1,1,1,1,1,1,1,1,0,0,0,0,37,126,54,70,60,56,58,248,40,30,12,12,30,20,20,10,17,0,18,1,29,23,24,17,83,3,3,4,63,100,15,44,49,53,25,29,15,10,16,22,6,3,1558,AT,47.516231,14.550072,Austria,AUT
Belgium,0,0,0,0,9,9,29,0,0,0,3,0,2,0,1,0,12,0,0,5,0,0,0,0,0,0,0,0,2,3,1,19,41,89,115,3,19,0,18,36,1,1,0,0,33,167,59,93,46,45,26,37,35,15,47,159,59,19,217,243,9,116,22,55,10,12,7,12,16,42,2017,BE,50.503887,4.469936,Belgium,BEL
Bangladesh,0,0,0,0,0,0,0,0,0,0,0,0,0,0,0,0,0,0,0,0,0,0,0,0,0,0,0,0,0,0,0,0,0,0,2,0,0,0,0,0,0,0,0,0,0,0,0,0,0,0,0,0,0,0,0,0,0,0,0,0,0,0,0,0,0,0,0,0,0,0,2,BD,23.684994,90.356331,Bangladesh,BGD
Bulgaria,0,0,0,0,0,0,0,0,0,0,0,0,0,0,0,0,0,0,0,0,0,0,0,0,0,0,0,0,0,0,0,0,0,4,0,0,106,0,0,5,6,42,16,28,55,1,21,6,39,167,2,10,37,44,19,86,5,9,4,16,4,2,13,21,14,70,61,30,14,0,954,BG,42.733883,25.48583,Bulgaria,BGR
Bahrain,0,0,0,0,0,0,0,0,0,0,0,0,0,0,0,0,0,0,0,0,0,0,0,0,0,0,0,0,0,0,0,0,0,0,0,0,0,0,0,0,0,0,0,0,0,0,0,0,0,0,0,2,0,0,0,0,0,0,0,0,0,0,0,0,0,0,0,0,0,0,2,BH,25.930414,50.637772,Bahrain,BHR
Bahamas,0,0,0,0,0,0,0,0,0,0,0,0,0,0,0,0,0,0,0,0,0,0,0,0,0,0,0,0,0,0,0,0,0,0,0,0,0,0,0,0,0,0,0,0,0,0,0,0,0,0,0,0,0,0,0,0,0,0,0,0,0,0,0,0,0,0,0,0,0,0,0,BS,25.03428,-77.39628,Bahamas,BHS
Bosnia-Herzegovina,0,0,0,0,0,0,0,0,0,0,0,0,0,0,0,0,0,0,0,0,0,0,0,0,0,0,0,0,0,0,0,0,0,0,0,0,0,0,0,0,0,0,0,0,0,0,0,0,0,0,0,0,4,0,0,0,0,0,0,0,0,14,0,3,0,0,0,0,0,0,21,BA,43.915886,17.679076,Bosnia-Herzegovina,BIH
Belarus,0,0,0,0,0,0,0,0,0,0,0,0,0,0,0,0,0,0,0,0,0,0,0,0,0,0,0,0,0,0,0,0,0,0,0,0,0,0,0,0,0,0,0,8,0,7,129,341,63,452,293,49,63,57,19,53,43,6,224,41,159,96,65,268,68,142,152,50,45,115,3008,BY,53.709807,27.953389,Belarus,BLR
Brazil,0,0,0,0,0,0,0,0,0,0,2,12,0,0,0,0,0,0,0,3,0,0,0,0,32,59,104,145,179,70,156,62,122,196,267,197,126,191,183,47,96,114,90,36,54,33,23,23,16,0,0,0,19,0,46,1,44,53,92,43,143,31,33,31,42,41,111,37,100,10,3512,BR,-14.235004,-51.92528,Brazil,BRA
Brunei,0,0,0,0,0,0,0,0,0,0,0,0,0,0,0,0,0,0,0,0,0,0,0,0,0,0,0,0,0,0,0,0,0,0,0,0,0,0,0,0,0,0,0,0,0,0,0,0,0,0,0,0,0,0,0,0,0,0,0,0,0,24,0,0,0,0,12,0,0,0,36,BN,4.535277,114.727669,Brunei,BRN
Canada,38,61,274,83,233,179,280,336,544,119,52,314,188,214,253,111,102,53,197,166,196,293,327,130,121,148,329,169,190,195,161,130,259,120,108,100,261,279,153,49,101,121,143,146,167,263,160,95,40,79,74,129,183,288,286,242,244,342,247,192,250,330,277,191,203,346,120,72,111,188,13144,CA,56.130366,-106.346771,Canada,CAN
Switzerland,0,0,0,0,0,0,0,0,0,50,442,500,530,337,379,484,367,261,91,104,18,42,34,54,89,395,480,260,196,446,482,513,398,314,512,344,337,303,352,311,454,482,446,234,173,139,186,118,211,280,182,209,166,185,255,253,296,302,459,229,251,327,230,175,330,471,212,173,237,254,17342,CH,46.818188,8.227512,Switzerland,CHE
Chile,0,0,0,0,0,0,0,0,0,0,0,0,0,0,0,0,0,0,0,0,0,0,0,0,0,0,0,0,0,0,0,0,0,1,0,0,3,3,4,4,0,3,8,0,0,0,29,0,2,1,1,0,1,0,0,0,0,0,100,0,0,0,0,0,20,0,0,0,0,0,181,CL,-35.675147,-71.542969,Chile,CHL
China,0,0,0,0,3,0,39,30,463,361,285,35,51,11,67,386,619,410,730,657,893,1292,1238,674,511,668,586,224,617,560,949,642,1504,1770,1929,1263,1861,2605,1411,1041,941,1312,700,1436,1105,1010,768,429,353,332,299,515,525,700,413,286,668,510,652,1140,1478,1277,1540,2080,1226,1799,2372,1346,1140,1423,56160,CN,35.86166,104.195397,China,CHN
Cote d'Ivoire,0,0,0,0,0,0,0,0,0,0,0,0,0,0,0,0,0,0,0,0,0,1,0,0,0,0,0,0,0,0,0,0,0,0,0,0,0,0,0,0,0,0,0,0,0,0,0,0,0,0,0,0,0,0,0,0,0,0,0,0,0,0,0,0,0,0,0,0,1,0,2,CI,7.539989,-5.54708,Cote d'Ivoire,CIV
DR Congo,0,0,0,0,0,0,0,0,0,0,0,0,0,0,0,0,0,0,0,0,0,0,0,0,0,0,0,0,0,1,0,0,0,0,0,0,0,0,0,0,0,0,0,0,0,0,0,22,0,0,0,0,0,0,0,0,0,0,0,0,0,0,0,0,0,0,0,0,0,0,23,CD,-4.038333,21.758664,DR Congo,COD
Colombia,0,0,0,0,0,0,0,0,0,0,0,0,0,0,0,0,0,0,0,0,0,0,0,0,0,0,0,0,0,0,0,0,0,0,0,0,0,0,0,0,0,0,0,0,0,0,0,0,0,0,0,0,5,0,0,0,0,0,0,0,0,0,0,0,0,0,0,10,0,10,26,CO,4.570868,-74.297333,Colombia,COL
Costa Rica,0,0,0,0,0,0,0,0,0,0,0,0,0,0,0,0,0,0,0,0,0,0,0,0,0,0,0,0,0,0,0,0,0,0,0,0,0,0,0,0,0,0,0,0,0,0,0,0,0,0,0,0,0,0,0,0,0,0,0,0,0,0,0,0,0,0,0,0,0,0,0,CR,9.748917,-83.753428,Costa Rica,CRI
Cuba,0,0,0,0,0,0,0,2,6,0,0,0,0,0,0,0,0,0,0,0,0,0,0,0,0,1,0,0,12,10,8,0,0,0,0,0,0,0,0,0,0,0,0,0,0,0,0,0,0,0,0,0,0,0,0,0,0,0,0,0,0,0,0,0,0,0,0,0,0,0,40,CU,21.521757,-77.781167,Cuba,CUB
Cyprus,0,0,0,0,0,0,0,0,0,0,0,0,0,0,0,0,0,0,0,0,0,0,0,0,0,0,0,0,0,0,0,0,0,0,0,0,0,0,0,0,0,0,0,0,0,0,36,0,0,0,0,0,0,0,0,0,0,0,0,0,0,0,0,0,0,0,0,0,0,0,36,CY,35.126413,33.429859,Cyprus,CYP
Czechoslovakia,17,15,15,9,49,950,1560,1576,1530,940,623,200,173,133,267,325,427,409,495,656,421,414,642,661,865,712,802,805,838,809,796,921,929,1049,1093,1021,1239,1290,1348,1053,624,417,213,202,319,143,126,24,21,57,81,88,60,64,1,70,44,32,32,23,4,10,8,40,26,150,148,88,88,13,29329,CZ,49.817492,15.472962,Czechoslovakia,CZE
Germany,0,0,0,38,29,24,24,44,25,93,173,37,163,162,477,358,713,775,574,739,1434,1364,1377,226,1219,1446,1674,1922,1686,1499,1626,1939,1528,2246,2799,1283,1412,1040,1514,1434,1933,2395,1490,1489,2843,1509,1950,939,1808,1858,1612,896,906,1652,1111,2071,2758,3292,2362,2461,2664,1317,747,779,1788,1766,2514,1982,1071,1185,87431,DE,51.165691,10.451526,Germany,DEU
Denmark,0,0,0,0,0,0,0,0,0,0,20,0,0,0,60,20,0,131,28,3,0,0,0,0,0,23,0,0,0,0,18,29,64,115,0,0,0,117,40,0,72,10,0,183,272,16,0,0,1,6,20,1,10,5,0,0,9,6,17,14,8,30,33,9,17,25,25,21,28,4,1507,DK,56.26392,9.501785,Denmark,DNK
Dominican Republic,0,0,0,0,0,0,0,0,0,0,0,0,0,0,0,0,0,0,0,0,0,0,0,0,0,0,0,0,0,0,0,0,0,0,0,0,0,0,0,0,0,0,0,0,0,0,0,0,0,0,0,0,0,0,0,0,0,0,0,0,0,0,0,0,0,0,0,4,0,0,4,DO,18.735693,-70.162651,Dominican Republic,DOM
Algeria,0,0,0,0,0,0,0,0,0,0,0,0,0,0,0,0,0,0,6,0,0,0,0,0,0,0,0,0,0,0,6,0,0,0,0,0,0,0,0,0,0,0,0,0,0,0,0,0,0,0,0,0,0,0,0,0,0,0,0,0,0,0,0,0,0,0,0,0,0,0,12,DZ,28.033886,1.659626,Algeria,DZA
Ecuador,0,0,0,0,0,0,0,0,0,0,0,0,0,0,0,0,0,0,0,0,0,0,0,0,0,0,0,0,0,0,0,0,0,0,0,0,0,0,0,0,0,0,0,0,0,0,0,0,0,0,0,0,0,0,0,0,0,0,0,0,0,0,0,0,6,0,0,0,2,0,8,EC,-1.831239,-78.183406,Ecuador,ECU
Egypt,0,0,0,0,0,0,9,6,4,4,0,0,7,8,2,0,13,3,26,15,39,0,0,0,0,16,0,69,80,13,29,77,81,71,37,5,19,61,65,63,20,0,13,22,15,9,5,5,0,0,0,0,0,0,0,0,0,0,0,0,0,0,0,0,7,22,0,0,0,2,943,EG,26.820553,30.802498,Egypt,EGY
Eritrea,0,0,0,0,0,0,0,0,0,0,0,0,0,0,0,0,0,0,0,0,0,0,0,0,0,0,0,0,0,0,0,0,0,0,0,0,0,0,0,0,0,0,0,0,0,0,0,0,2,0,0,0,0,0,0,0,0,0,0,0,0,0,0,0,0,0,0,0,0,0,2,ER,15.179384,39.782334,Eritrea,ERI
Spain,0,0,0,0,0,0,0,0,0,0,1,5,6,6,7,21,21,7,7,6,70,140,4,4,84,267,46,25,38,18,10,130,251,352,242,85,177,148,141,174,108,100,65,98,237,82,105,625,162,43,46,8,16,95,52,108,840,601,602,951,263,1429,546,728,1050,1163,471,820,1025,1061,15990,ES,40.463667,-3.74922,Spain,ESP
Estonia,0,0,0,0,0,0,0,0,0,0,0,0,0,0,0,0,0,0,0,0,0,0,0,0,0,0,0,0,0,0,0,0,0,0,0,0,0,0,0,0,0,0,0,0,0,0,8,0,0,0,0,0,0,0,0,0,0,0,0,0,0,0,0,0,0,0,0,0,0,0,8,EE,58.595272,25.013607,Estonia,EST
Ethiopia,0,0,0,0,0,0,0,0,0,0,0,0,0,0,0,0,0,0,0,0,0,0,0,0,0,0,0,0,0,0,0,0,0,0,0,35,0,51,0,0,0,0,0,0,0,0,0,17,0,0,0,0,0,0,0,0,0,0,0,0,0,0,0,0,0,0,0,0,0,0,103,ET,9.145,40.489673,Ethiopia,ETH
Finland,0,0,0,0,0,0,0,0,0,0,60,1,1,0,0,1,86,33,33,33,2,39,30,0,63,63,0,0,63,63,0,0,20,0,0,0,0,0,1,0,0,22,11,17,26,26,9,10,34,28,12,33,34,40,34,52,138,77,79,52,61,41,104,77,93,20,43,25,42,24,1850,FI,61.92411,25.748151,Finland,FIN
Fiji,0,0,0,0,0,0,0,0,0,0,0,0,0,0,0,0,0,0,0,0,0,0,0,0,0,0,0,0,0,0,0,0,0,0,10,0,0,0,0,0,0,0,0,0,0,0,0,0,0,0,0,0,0,0,0,0,0,0,0,0,0,0,0,0,0,0,0,0,0,0,10,FJ,-16.578193,179.414413,Fiji,FJI
France,8,67,43,315,322,469,863,661,789,800,942,971,974,1232,1417,1196,1646,1533,1483,1460,1692,2298,2603,2875,2096,2190,2006,2677,3297,3009,3847,3786,3828,3461,3008,4037,3023,1800,1994,2289,1818,1200,1250,979,901,1018,1937,3272,3167,1817,1082,1416,1433,1400,2283,1817,1666,2369,1968,1888,866,1731,1010,1468,1627,1995,2041,2367,1773,3368,125932,FR,46.227638,2.213749,France,FRA
Gabon,0,0,0,0,0,0,0,0,0,0,0,0,0,0,0,0,0,0,0,0,0,0,0,1,0,0,0,0,0,0,0,0,0,0,0,0,0,0,0,0,0,0,0,0,0,0,0,0,0,0,0,0,0,0,0,0,0,0,0,0,0,0,0,0,0,0,0,0,0,0,1,GA,-0.803689,11.609444,Gabon,GAB
United Kingdom,2250,3459,3244,4622,5216,4835,5966,4994,3991,3416,2147,1174,1116,1297,1405,1471,1336,1976,1617,1761,887,2194,2464,2751,2337,2416,2494,2188,2201,1501,1702,2433,2571,2559,2552,2121,1965,3597,2553,3548,1866,1522,1179,1421,1539,1475,1662,2384,1412,1368,1633,1387,1100,754,1216,1060,997,984,987,1080,1157,1055,929,1608,1651,1179,1376,1225,699,972,143205,GB,55.378051,-3.435973,United Kingdom,GBR
Georgia,0,0,0,0,0,0,0,0,0,0,0,0,0,0,0,0,0,0,0,0,0,0,0,0,0,0,0,0,0,0,0,0,0,0,0,0,0,0,0,0,0,0,0,0,0,0,0,0,0,46,69,0,69,0,16,0,0,0,0,0,0,0,0,0,0,0,6,7,0,0,213,GE,42.315407,43.356892,Georgia,GEO
Ghana,0,0,0,0,0,0,0,0,0,0,0,0,0,0,0,0,0,0,0,0,0,0,0,0,0,0,0,0,0,6,0,0,0,0,0,0,0,0,0,0,0,0,0,0,0,0,0,0,0,0,0,0,0,0,0,19,0,0,0,0,0,0,0,0,0,0,0,0,0,0,25,GH,7.946527,-1.023194,Ghana,GHA
Greece,0,0,0,0,0,0,0,0,0,0,0,0,0,0,7,1,0,0,0,0,0,0,0,0,0,0,0,0,0,0,0,0,0,0,0,0,0,0,0,0,0,0,15,10,18,0,19,31,9,3,2,2,0,6,22,13,23,0,0,0,0,0,0,0,0,0,0,30,0,0,210,GR,39.074208,21.824312,Greece,GRC
Guatemala,0,0,0,0,0,1,0,0,0,0,0,0,0,0,0,0,0,0,0,0,0,0,0,0,0,0,0,0,0,0,0,0,0,0,0,0,0,0,0,0,0,0,0,0,0,0,0,0,0,0,0,0,0,0,0,0,0,0,0,0,0,0,0,0,0,0,0,0,0,0,1,GT,15.783471,-90.230759,Guatemala,GTM
Guyana,0,0,0,0,0,0,0,0,0,0,0,0,0,0,0,0,0,0,0,0,0,0,0,0,0,0,2,0,0,0,0,0,0,0,0,0,0,0,0,0,0,0,0,0,0,0,0,0,0,0,0,0,0,0,0,0,0,0,0,0,0,0,0,0,0,0,0,0,0,0,2,GY,4.860416,-58.93018,Guyana,GUY
Croatia,0,0,0,0,0,0,0,0,0,0,0,0,0,0,0,0,0,0,0,0,0,0,0,0,0,0,0,0,0,0,0,0,0,0,0,0,0,0,0,0,0,0,0,0,0,0,0,0,0,0,2,0,0,0,0,0,0,0,0,0,0,0,0,0,0,0,0,3,0,0,5,HR,45.1,15.2,Croatia,HRV
Hungary,0,0,0,0,0,0,0,5,0,0,0,0,0,0,0,0,18,18,37,28,0,0,8,44,8,8,0,0,0,0,4,30,4,4,0,0,0,0,0,0,0,0,0,21,0,6,0,24,0,0,0,0,34,0,0,82,0,9,0,0,0,0,0,41,0,0,0,0,0,0,429,HU,47.162494,19.503304,Hungary,HUN
Indonesia,0,0,0,0,0,0,0,0,0,0,0,0,0,7,0,0,0,0,0,0,12,0,0,0,0,0,0,0,9,0,4,0,0,0,0,8,4,0,0,0,0,0,0,16,16,25,0,8,0,49,0,16,49,0,25,8,8,0,1,0,0,8,0,0,0,0,86,94,15,8,476,ID,-0.789275,113.921327,Indonesia,IDN
India,0,0,0,0,0,0,0,0,0,1,0,0,0,0,0,0,0,0,1,0,0,7,2,21,24,31,0,0,27,22,0,0,2,0,0,0,0,0,1,0,3,0,3,9,2,2,0,0,0,0,21,2,0,4,27,19,33,23,15,27,5,3,0,14,36,42,45,56,43,115,687,IN,20.593684,78.96288,India,IND
Ireland,0,0,0,0,0,0,0,0,0,0,0,0,0,0,0,0,0,0,0,0,0,0,0,0,0,0,0,0,2,9,9,2,0,0,0,0,0,0,0,0,0,0,0,0,0,0,0,0,0,0,0,0,0,0,0,16,32,31,28,28,26,1,26,27,14,0,0,0,0,0,249,IE,53.41291,-8.24389,Ireland,IRL
Iran,0,0,0,0,0,0,0,0,0,0,0,0,3,0,0,0,0,28,0,0,23,6,106,6,129,81,0,0,0,0,0,0,0,0,1,1,1,1,1,1,0,1,1,1,0,1,2,0,0,0,0,0,3,9,1,2,75,0,43,45,45,86,21,12,47,15,5,20,0,0,822,IR,32.427908,53.688046,Iran,IRN
Iraq,0,0,0,0,0,0,0,0,0,0,3,0,0,0,0,0,0,0,0,0,0,0,0,0,0,0,0,0,0,0,28,0,0,0,0,0,0,0,168,20,0,0,0,0,0,0,0,0,0,0,0,0,0,0,0,0,0,0,0,0,0,0,0,0,0,0,0,0,0,0,219,IQ,33.223191,43.679291,Iraq,IRQ
Iceland,0,0,0,0,0,0,0,0,0,0,0,0,0,0,0,0,0,0,0,0,0,0,0,0,0,0,0,0,0,0,0,0,0,0,0,0,0,0,0,0,0,0,0,5,0,0,0,0,0,0,0,0,0,0,0,0,0,0,0,0,0,0,0,0,0,0,0,0,0,0,5,IS,64.963051,-19.020835,Iceland,ISL
Israel,0,0,0,0,8,30,0,4,0,23,0,0,0,0,5,10,14,13,23,24,13,21,31,13,45,109,54,202,212,190,270,219,256,418,281,208,352,137,75,211,85,151,324,382,296,166,286,247,229,169,404,474,579,409,609,510,406,554,373,744,637,538,455,420,393,720,1392,1195,655,369,17643,IL,31.046051,34.851612,Israel,ISR
Italy,141,117,24,1,11,140,257,275,234,8,104,245,261,240,385,295,243,149,192,325,280,395,296,341,417,526,529,505,691,1303,1168,1715,1689,1183,1258,920,228,617,386,335,206,349,248,341,208,297,291,454,426,504,208,270,467,365,263,832,553,749,422,512,539,947,747,862,671,676,618,793,555,491,33296,IT,41.87194,12.56738,Italy,ITA
Jordan,0,0,0,0,0,0,0,0,0,2,0,0,0,0,0,0,0,0,0,0,0,36,0,22,23,50,0,18,0,0,0,0,0,76,0,2,7,0,7,64,0,0,0,0,65,0,0,6,0,0,0,0,0,0,42,20,0,13,13,28,117,0,21,25,114,16,17,80,1,86,971,JO,30.585164,36.238414,Jordan,JOR
Japan,0,0,0,0,2,110,38,112,3,41,1,61,100,8,14,0,5,0,0,34,0,15,8,34,53,0,0,0,9,11,167,0,0,17,17,44,99,0,0,15,30,68,126,153,162,158,188,32,0,0,0,0,0,0,0,0,0,40,0,0,0,0,0,0,0,0,0,2,3,0,1978,JP,36.204824,138.252924,Japan,JPN
Kazakhstan,0,0,0,0,0,0,0,0,0,0,0,0,0,0,0,0,0,0,0,0,0,0,0,0,0,0,0,0,0,0,0,0,0,0,0,0,0,0,0,0,0,0,0,0,0,13,12,3,6,183,19,12,0,0,5,0,6,0,0,0,0,0,0,0,0,0,0,0,0,0,261,KZ,48.019573,66.923684,Kazakhstan,KAZ
Kenya,0,0,0,0,0,0,0,0,0,0,0,0,0,0,0,0,0,0,0,0,0,0,0,0,0,0,0,0,0,0,0,8,0,0,0,0,0,0,0,0,0,2,0,2,0,0,0,0,0,0,0,0,0,0,0,0,0,0,0,0,0,0,0,0,0,0,0,0,0,0,12,KE,-0.023559,37.906193,Kenya,KEN
Kyrgyzstan,0,0,0,0,0,0,0,0,0,0,0,0,0,0,0,0,0,0,0,0,0,0,0,0,0,0,0,0,0,0,0,0,0,0,0,0,0,0,0,0,0,0,0,0,0,57,0,0,0,0,0,0,0,92,0,0,18,18,14,0,0,0,0,0,0,4,5,5,0,0,214,KG,41.20438,74.766098,Kyrgyzstan,KGZ
Cambodia,0,0,0,0,0,0,0,0,0,0,0,0,0,0,0,0,0,0,0,0,0,0,0,0,0,0,0,0,0,0,0,0,0,0,0,0,0,0,0,0,0,0,0,0,0,0,0,0,0,0,1,0,0,0,0,0,0,0,0,0,0,0,0,0,0,0,0,0,0,0,2,KH,12.565679,104.990963,Cambodia,KHM
South Korea,0,0,0,0,0,0,0,0,0,0,0,0,0,0,0,0,0,0,0,0,0,0,141,0,0,0,0,0,0,105,105,130,65,0,126,33,78,0,51,48,72,118,0,60,7,28,24,21,32,0,10,228,0,96,73,108,158,279,109,224,197,345,218,347,163,101,479,751,1066,688,6882,KR,35.907757,127.766922,South Korea,KOR
Kuwait,0,0,0,0,0,0,0,0,0,0,0,0,0,0,0,0,0,3,0,0,0,0,0,0,0,0,0,0,0,0,24,0,0,0,4,0,0,0,0,0,0,0,0,0,0,0,0,0,95,0,0,0,0,0,0,0,0,0,0,0,0,0,0,0,0,0,0,0,0,0,125,KW,29.31166,47.481766,Kuwait,KWT
Lebanon,0,0,0,0,0,0,0,0,0,0,0,0,0,0,0,0,0,1,0,0,0,0,0,0,0,0,0,0,0,0,0,0,0,0,0,0,0,0,0,0,0,1,0,0,0,0,0,0,0,0,0,0,45,0,0,0,0,0,0,0,0,0,0,0,0,0,0,0,0,0,47,LB,33.854721,35.862285,Lebanon,LBN
Libya,0,0,0,0,0,0,0,0,0,0,0,0,0,0,0,0,0,0,0,0,0,0,0,0,0,26,4,0,8,398,95,107,168,14,54,32,10,14,64,7,36,0,0,0,3,0,0,3,10,0,0,0,21,16,113,113,18,10,18,32,28,0,0,0,0,0,1,0,0,0,1421,LY,26.3351,17.228331,Libya,LBY
Sri Lanka,0,0,0,0,0,0,0,0,0,0,0,0,0,0,0,0,0,0,0,0,0,0,0,0,0,0,0,0,0,0,0,0,0,0,0,0,0,0,0,0,0,0,0,0,0,0,0,0,8,0,0,0,0,0,0,0,0,0,0,0,0,0,0,0,0,0,0,0,0,0,8,LK,7.873054,80.771797,Sri Lanka,LKA
Lithuania,0,0,0,0,0,0,0,0,0,0,0,0,0,0,0,0,0,0,0,0,0,0,0,0,0,0,0,0,0,0,0,0,0,0,0,0,0,0,0,0,0,0,0,0,0,0,0,0,0,0,0,0,3,0,0,0,0,0,0,0,0,0,0,0,0,0,0,0,60,0,63,LT,55.169438,23.881275,Lithuania,LTU
Luxembourg,0,0,0,0,0,0,0,0,0,0,0,0,0,0,0,0,0,0,0,0,0,0,0,0,0,0,0,0,0,0,0,0,0,0,0,0,0,0,0,0,0,0,0,0,0,0,0,0,0,0,0,0,0,0,0,0,0,0,0,0,0,0,0,0,0,0,0,0,0,0,0,LU,49.815273,6.129583,Luxembourg,LUX
Latvia,0,0,0,0,0,0,0,0,0,0,0,0,0,0,0,0,0,0,0,0,0,0,0,0,0,0,0,0,0,0,0,0,0,0,0,0,0,0,0,0,0,0,0,0,9,0,0,0,0,0,0,0,0,0,0,0,0,0,0,0,0,0,0,0,0,0,0,0,0,0,9,LV,56.879635,24.603189,Latvia,LVA
Morocco,0,0,0,0,0,0,0,0,0,0,0,0,2,0,0,0,0,0,0,6,0,0,0,0,0,0,0,0,6,0,0,0,0,0,0,0,0,0,0,0,0,0,0,0,0,0,0,0,0,0,0,0,0,0,0,0,0,0,0,0,0,0,0,0,0,0,0,0,0,0,14,MA,31.791702,-7.09262,Morocco,MAR
Moldova,0,0,0,0,0,0,0,0,0,0,0,0,0,0,0,0,0,0,0,0,0,0,0,0,0,0,0,0,0,0,0,0,0,0,0,0,0,0,0,0,0,0,11,0,36,0,0,217,0,0,6,42,60,13,0,18,3,19,29,20,0,11,0,0,0,0,0,0,0,0,487,MD,47.411631,28.369885,Moldova,MDA
Mexico,0,0,0,4,0,0,0,0,0,0,0,0,0,0,0,0,0,0,0,0,0,0,0,0,0,0,0,0,0,0,0,0,0,0,0,0,0,0,0,0,0,0,0,0,0,0,0,0,0,0,0,0,0,0,0,0,0,0,0,0,0,0,0,0,0,0,0,0,0,1,5,MX,23.634501,-102.552784,Mexico,MEX
Malta,0,0,0,0,0,0,0,0,0,0,0,0,0,0,0,0,0,0,0,0,0,0,0,0,0,0,0,0,0,0,0,0,0,0,0,0,0,0,0,0,0,0,0,0,0,0,0,0,0,0,0,0,0,0,10,0,0,0,0,0,0,0,0,0,0,5,0,0,0,0,15,MT,35.937496,14.375416,Malta,MLT
Montenegro,0,0,0,0,0,0,0,0,0,0,0,0,0,0,0,0,0,0,0,0,0,0,0,0,0,0,0,0,0,0,0,0,0,0,0,0,0,0,0,0,0,0,0,0,0,0,0,0,0,0,0,0,0,0,0,0,71,109,0,0,18,0,0,0,0,0,0,0,0,0,198,ME,42.708678,19.37439,Montenegro,MNE
Mozambique,0,0,0,0,0,0,0,0,0,0,0,0,0,0,0,0,0,0,0,0,0,0,0,0,0,0,0,1,0,0,0,0,0,0,0,0,0,0,0,0,0,0,0,0,0,0,0,0,0,0,0,0,0,0,0,0,0,0,0,0,0,0,0,0,0,0,0,0,0,0,1,MZ,-18.665695,35.529562,Mozambique,MOZ
Malawi,0,0,0,0,0,0,0,0,0,0,0,0,0,0,0,0,0,0,0,0,0,0,0,0,0,0,0,0,0,0,0,0,0,0,0,0,0,0,0,0,0,0,0,0,0,0,0,0,0,0,1,0,0,0,0,0,0,0,0,0,0,0,0,0,0,0,0,0,0,0,1,MW,-13.254308,34.301525,Malawi,MWI
Malaysia,0,0,0,0,0,0,0,0,0,0,0,0,0,0,0,0,0,0,0,0,0,7,0,0,0,0,0,0,0,0,0,0,6,0,0,0,0,3,0,0,0,0,0,0,0,0,0,0,0,11,0,0,0,0,0,0,0,0,0,0,0,0,0,15,15,0,0,0,0,0,58,MY,4.210484,101.975766,Malaysia,MYS
Niger,0,0,0,0,0,0,0,0,0,0,0,0,0,0,0,0,0,0,0,0,0,0,0,0,0,0,0,0,0,0,0,0,0,0,0,0,0,0,0,0,0,0,0,0,0,0,0,0,0,0,0,0,0,0,0,0,0,0,0,0,0,0,0,0,0,0,0,0,0,0,0,NE,17.607789,8.081666,Niger,NER
Nigeria,0,0,0,0,0,0,0,0,0,0,0,0,0,0,0,0,0,0,0,0,0,0,0,0,0,0,0,0,0,0,0,0,0,0,0,0,0,0,0,2,3,0,0,0,0,0,0,0,0,0,0,0,0,0,0,0,0,0,0,0,0,0,0,0,0,0,0,0,0,0,5,NG,9.081999,8.675277,Nigeria,NGA
Nicaragua,0,0,0,0,0,1,0,0,2,0,0,0,0,0,0,0,0,0,0,0,0,0,0,0,0,0,0,0,0,0,0,0,0,0,0,0,0,0,0,2,2,0,72,17,0,5,0,0,0,0,0,0,0,0,0,0,0,0,0,0,0,0,0,0,0,0,0,0,0,0,101,NI,12.865416,-85.207229,Nicaragua,NIC
Netherlands,199,58,21,7,77,255,9,8,51,43,36,108,99,79,93,99,79,95,350,111,5,161,133,205,82,147,293,446,234,244,619,804,664,465,366,184,352,512,763,558,416,455,365,455,627,473,499,614,624,359,284,203,233,331,204,505,1146,1213,446,495,371,546,858,374,631,461,471,1048,438,285,24543,NL,52.132633,5.291266,Netherlands,NLD
Norway,1,30,0,8,0,0,0,0,0,8,38,0,25,55,67,65,80,140,65,53,0,8,31,10,0,8,8,8,93,161,158,278,68,35,0,42,29,54,34,127,85,170,75,51,64,21,4,19,3,5,3,42,92,101,66,6,17,65,118,155,159,151,172,175,164,212,122,153,58,32,4343,NO,60.472024,8.468946,Norway,NOR
New Zealand,0,0,0,0,0,0,0,0,0,0,0,0,0,0,0,0,0,1,1,0,0,0,0,2,5,3,0,0,0,0,0,1,2,0,10,7,0,0,0,0,0,34,4,0,3,0,0,0,0,1,1,0,1,0,1,0,0,0,0,0,0,0,75,0,0,1,6,4,6,0,167,NZ,-40.900557,174.885971,New Zealand,NZL
Oman,0,0,0,0,0,0,0,0,0,0,0,0,0,0,0,0,0,0,0,0,0,0,0,0,0,0,0,5,0,0,0,0,0,0,0,0,5,0,0,0,0,0,0,0,0,0,0,0,0,0,0,0,0,0,0,1,0,0,0,0,0,0,0,0,0,0,0,7,0,0,19,OM,21.512583,55.923255,Oman,OMN
United Nations**,0,0,0,0,0,0,0,0,0,0,0,0,0,0,0,0,0,0,0,0,0,0,0,0,0,0,0,0,0,0,0,0,0,0,0,0,0,0,0,0,0,0,0,0,0,0,0,0,0,0,0,0,0,0,0,0,0,0,0,0,0,0,0,0,0,0,0,0,0,0,0,ON,40.73061,-73.935242,United Nations**,ONU
Pakistan,0,0,0,0,0,0,0,0,0,0,0,0,0,0,0,0,0,6,0,0,0,3,0,0,0,0,0,0,0,0,15,30,30,0,0,0,0,0,0,1,82,3,0,0,2,0,0,0,0,0,3,1,9,8,9,24,4,0,1,0,0,0,0,0,0,0,1,3,2,1,237,PK,30.375321,69.345116,Pakistan,PAK
Panama,0,0,0,0,0,0,0,0,0,0,0,0,0,0,0,0,0,0,0,0,0,0,0,0,0,0,0,0,0,2,0,0,0,0,0,0,0,0,0,0,0,0,0,0,0,0,0,0,0,0,0,0,0,0,0,0,0,0,0,0,0,0,0,0,0,0,0,0,0,1,3,PA,8.537981,-80.782127,Panama,PAN
Peru,0,0,0,0,0,0,0,0,0,0,0,0,0,0,0,0,0,0,0,0,0,0,0,0,0,0,0,0,0,0,0,0,53,0,0,0,0,0,0,0,0,0,0,0,0,0,0,0,0,0,0,14,0,0,5,0,0,0,0,0,0,0,0,0,0,0,0,0,0,0,73,PE,-9.189967,-75.015152,Peru,PER
Philippines,0,0,0,0,0,0,0,0,0,0,0,0,0,0,0,0,0,0,0,0,0,0,0,0,0,0,0,0,0,0,0,0,0,0,0,0,1,0,0,0,0,0,0,0,0,0,0,0,0,0,0,0,0,0,0,0,0,4,0,0,0,0,0,0,0,0,0,0,0,0,5,PH,12.879721,121.774017,Philippines,PHL
Poland,0,0,0,0,0,0,0,0,0,28,5,5,12,111,237,234,319,309,288,323,268,274,272,158,232,299,406,382,317,229,207,346,211,115,90,130,265,222,232,20,105,55,56,0,131,175,46,21,1,64,47,81,56,81,47,18,282,163,73,75,28,8,24,142,24,3,5,15,21,0,8396,PL,51.919438,19.145136,Poland,POL
North Korea,0,0,0,0,0,0,0,0,0,0,0,0,0,0,0,0,0,0,0,0,0,0,0,0,8,12,0,0,0,20,29,5,148,250,88,57,65,212,189,58,4,113,131,137,24,41,47,47,81,55,58,73,162,134,47,20,20,20,20,26,5,0,0,0,1,0,0,0,0,0,2401,KP,40.339852,127.510093,North Korea,PRK
Portugal,0,0,0,0,0,0,0,0,0,0,0,0,0,0,0,0,0,2,0,0,0,3,0,5,11,105,21,0,4,4,2,0,0,1,0,0,1,1,0,71,0,0,0,1,0,0,0,0,0,0,0,0,0,0,0,0,0,0,99,46,0,0,0,0,18,7,172,56,3,3,636,PT,39.399872,-8.224454,Portugal,PRT
Qatar,0,0,0,0,0,0,0,0,0,0,0,0,0,0,0,0,0,0,0,0,0,0,0,0,0,0,0,0,0,0,0,0,0,0,0,0,0,0,0,0,0,0,0,40,0,0,0,0,0,9,0,0,0,0,0,0,2,0,0,0,0,0,0,0,0,0,0,0,3,11,65,QA,25.354826,51.183884,Qatar,QAT
Romania,0,0,0,0,0,0,0,0,0,0,0,0,0,0,0,0,0,0,0,0,0,6,9,9,1,0,0,0,27,44,48,30,91,101,173,99,28,35,52,25,7,5,14,16,29,9,4,11,2,19,3,0,0,24,0,3,8,32,0,2,1,0,108,108,0,0,0,0,0,0,1180,RO,45.943161,24.96676,Romania,ROU
Russia,3985,3770,6018,7988,9024,6194,6442,6661,8192,7968,6364,6368,7701,7030,8908,8666,10304,11702,11217,9892,9822,11233,13393,15663,15429,11408,9583,15248,17683,16954,18041,16883,16184,14664,14001,14374,14708,13386,12322,11749,9895,5640,2605,3439,1475,3891,3571,3347,2040,4264,4503,5291,5746,5169,6288,5229,5159,5535,6253,5066,6275,8730,8261,7986,5527,5990,6841,6015,6506,4718,145717,RU,61.52401,105.318756,Russia,RUS
Saudi Arabia,0,0,0,0,0,0,0,0,0,0,0,0,0,0,0,0,0,4,3,0,0,0,2,0,0,0,0,13,0,0,0,33,0,0,3,4,0,0,0,0,0,0,0,12,0,0,1,0,0,0,0,0,0,0,0,0,18,0,0,0,1,62,0,0,0,3,0,0,0,0,159,SA,23.885942,45.079162,Saudi Arabia,SAU
Sudan,0,0,0,0,0,0,0,0,0,0,0,0,0,0,0,0,0,1,0,0,0,0,0,0,0,0,0,0,0,0,0,0,0,0,0,0,4,0,0,0,0,0,0,0,0,0,0,0,0,0,0,0,0,0,0,0,0,0,0,0,0,0,0,11,0,0,0,0,0,0,16,SD,12.862807,30.217636,Sudan,SDN
Senegal,0,0,0,0,0,0,0,0,0,0,0,0,0,0,0,0,0,0,0,0,0,0,0,0,0,0,3,0,0,0,0,0,0,0,0,0,0,0,0,0,0,0,0,0,0,0,0,0,0,0,0,0,0,0,0,0,0,0,0,0,0,0,0,0,0,0,0,0,0,0,3,SN,14.497401,-14.452362,Senegal,SEN
Singapore,0,0,0,0,0,0,0,0,0,0,0,0,0,0,0,0,0,0,0,0,0,2,0,0,0,17,0,0,30,72,0,15,0,25,91,0,0,81,25,87,44,3,3,11,30,0,0,46,23,11,11,0,4,0,65,0,0,0,0,31,25,13,76,1,2,48,47,0,0,0,937,SG,1.352083,103.819836,Singapore,SGP
FMLN (El Salvador)*,0,0,0,0,0,0,0,0,0,0,0,0,0,0,0,0,0,0,0,0,0,0,0,0,0,0,0,0,0,0,0,0,0,0,0,0,0,0,0,0,0,1,0,0,0,0,0,0,0,0,0,0,0,0,0,0,0,0,0,0,0,0,0,0,0,0,0,0,0,0,1,SV,13.794185,-88.89653,FMLN (El Salvador)*,SLV
Serbia,0,0,0,0,0,0,17,0,71,0,6,0,0,0,23,31,0,0,0,21,3,23,0,35,0,14,41,75,53,33,112,102,24,47,71,94,8,2,16,18,80,515,32,0,0,0,20,5,0,0,0,11,0,0,0,0,5,5,45,1,31,4,11,11,10,35,23,2,27,0,247,RS,44.016521,21.005859,Serbia,SRB
Slovakia,0,0,0,0,0,0,0,0,0,0,0,0,0,0,0,0,0,0,0,0,0,0,0,0,0,0,0,0,0,0,0,0,0,0,0,0,0,0,0,0,0,0,0,173,37,97,59,55,10,125,37,53,32,0,46,0,7,22,8,0,0,0,4,1,8,3,18,22,12,0,828,SK,48.669026,19.699024,Slovakia,SVK
Slovenia,0,0,0,0,0,0,0,0,0,0,0,0,0,0,0,0,0,0,0,0,0,0,0,0,0,0,0,0,0,0,0,0,0,0,0,0,0,0,0,0,0,0,0,0,0,0,0,0,0,0,0,0,0,0,0,0,0,0,0,0,0,0,0,0,0,0,0,0,0,0,0,SI,46.151241,14.995463,Slovenia,SVN
Sweden,27,46,64,165,21,105,96,111,280,15,38,45,44,13,22,32,56,55,60,36,262,550,138,15,75,122,70,53,54,263,158,130,125,117,224,209,317,233,515,403,231,156,149,103,111,196,347,102,336,386,359,895,163,515,294,534,390,336,453,409,659,694,478,388,336,175,261,82,159,206,15269,SE,60.128161,18.643501,Sweden,SWE
Seychelles,0,0,0,0,0,0,0,0,0,0,0,0,0,0,0,0,0,0,0,0,0,0,0,0,0,0,0,0,0,0,0,0,0,0,0,0,0,0,0,0,0,0,0,0,0,1,0,0,0,0,0,0,0,0,0,0,0,0,0,0,0,0,0,0,0,0,0,0,0,0,1,SC,-4.679574,55.491977,Seychelles,SYC
Syria,0,0,0,0,0,0,0,0,0,0,0,0,0,0,0,0,0,0,0,0,17,0,0,0,2,2,0,0,0,0,0,0,178,46,1,29,31,0,15,0,0,0,40,40,0,0,0,0,0,0,0,0,0,0,0,0,3,0,0,20,20,0,0,0,0,0,0,0,0,0,443,SY,34.802075,38.996815,Syria,SYR
Chad,0,0,0,0,0,0,0,0,0,0,0,0,0,0,0,0,0,0,0,0,0,0,0,0,0,0,0,0,0,0,0,0,0,0,0,0,0,20,0,0,0,0,0,0,0,0,0,0,0,0,0,0,0,0,0,0,0,0,0,0,0,0,0,0,0,0,0,0,0,0,20,TD,15.454166,18.732207,Chad,TCD
Thailand,0,0,0,0,0,0,0,0,0,0,0,0,0,0,0,0,0,0,0,0,0,0,0,0,0,0,0,0,0,0,0,0,0,0,0,0,0,0,0,0,0,0,0,0,0,0,0,0,0,0,0,0,0,7,7,0,93,0,0,0,0,0,0,0,0,0,2,2,0,0,112,TH,15.870032,100.992541,Thailand,THA
Turkey,0,0,0,0,0,0,0,0,0,0,0,0,0,0,0,0,0,0,0,0,0,0,0,0,0,0,0,0,0,0,23,11,0,0,0,0,0,0,0,0,0,0,0,0,0,3,3,0,3,43,19,5,26,42,28,23,82,66,111,63,72,86,143,156,165,248,232,171,265,245,2336,TR,38.963745,35.243322,Turkey,TUR
Taiwan,0,0,0,0,0,0,0,0,0,0,0,0,0,0,0,0,0,12,0,0,0,0,154,0,0,0,0,0,0,1,0,0,0,0,0,0,0,0,0,42,6,0,0,0,0,0,4,5,0,0,0,6,0,0,0,0,0,0,0,16,0,0,2,0,0,4,0,2,0,2,258,TW,23.69781,120.960515,Taiwan,TWN
Uganda,0,0,0,0,0,0,0,0,0,0,0,0,0,0,0,0,0,0,0,0,0,0,0,0,0,0,0,0,0,0,0,0,0,0,0,0,0,0,0,0,0,0,0,0,0,0,0,0,0,0,0,0,0,0,0,0,0,0,0,0,0,0,0,0,0,0,4,0,0,0,4,UG,1.373333,32.290275,Uganda,UGA
Ukraine,0,0,0,0,0,0,0,0,0,0,0,0,0,0,0,0,0,0,0,0,0,0,0,0,0,0,0,0,0,0,0,0,0,0,0,0,0,0,0,0,0,0,165,82,236,167,256,558,708,732,270,511,310,306,199,291,531,644,392,433,485,570,1501,674,622,343,486,307,195,91,12064,UA,48.379433,31.16558,Ukraine,UKR
Uruguay,0,0,0,0,0,0,0,0,0,0,6,0,0,0,0,0,0,0,0,0,0,0,0,0,0,0,0,0,0,0,0,0,0,0,0,0,0,0,0,0,0,0,0,0,0,0,0,0,0,0,1,0,0,0,0,0,0,0,0,0,0,0,0,0,0,0,0,0,0,0,7,UY,-32.522779,-55.765835,Uruguay,URY
United States,1429,4052,6391,9177,5857,6867,8492,8659,9518,7671,6056,6404,5928,9017,12237,11151,8413,7256,8449,11770,9011,11720,10787,12033,12780,15680,15662,14387,14083,9721,10732,13611,14015,13947,11887,10815,11651,12252,11898,11347,10733,12489,14118,13856,11526,11218,10878,14531,15733,11562,7577,5606,4947,5659,6843,6770,7521,7832,6797,6870,8033,8988,9074,7508,9608,9963,9855,12050,10414,10752,692123,US,37.09024,-95.712891,United States,USA
Uzbekistan,0,0,0,0,0,0,0,0,0,0,0,0,0,0,0,0,0,0,0,0,0,0,0,0,0,0,0,0,0,0,0,0,0,0,0,0,0,0,0,0,0,0,0,0,0,0,0,0,0,0,0,0,0,252,126,4,0,0,0,209,209,209,0,0,0,34,68,0,0,0,1111,UZ,41.377491,64.585262,Uzbekistan,UZB
Venezuela,0,0,0,0,0,0,0,0,0,0,0,0,0,0,0,0,0,0,0,17,0,0,0,0,0,13,0,0,0,0,0,0,0,0,0,0,0,0,0,0,0,0,0,0,0,0,0,0,0,0,0,0,0,0,1,0,7,0,3,40,0,0,0,0,0,0,0,0,0,0,80,VE,6.42375,-66.58973,Venezuela,VEN
Viet Nam,0,0,0,0,0,0,0,0,0,0,0,0,0,0,0,0,0,0,0,0,8,0,0,0,0,0,0,0,0,0,0,0,0,0,0,0,0,22,0,0,0,0,0,0,0,0,0,0,0,0,0,0,0,0,0,0,28,0,0,0,0,0,0,0,0,0,0,0,0,0,29,VN,14.058324,108.277199,Viet Nam,VNM
South Yemen,0,0,0,0,0,0,0,0,0,0,0,0,0,0,0,0,0,0,0,0,0,0,0,0,0,12,0,0,0,0,0,0,0,0,0,6,102,0,0,0,0,0,0,0,0,0,0,0,0,0,0,0,0,0,0,0,0,0,0,0,0,0,0,0,0,0,0,0,0,0,60,YE,15.552727,48.516388,South Yemen,YEM
South Africa,0,0,0,0,0,0,0,0,0,8,27,33,0,0,0,0,0,4,0,14,3,5,12,1,2,18,16,0,0,0,39,39,1,0,0,25,25,28,25,0,0,54,75,54,11,17,31,7,22,28,21,37,17,43,72,30,187,127,141,103,235,71,184,103,65,58,74,77,65,145,2476,ZA,-30.559482,22.937506,South Africa,ZAF
Zambia,0,0,0,0,0,0,0,0,0,0,0,0,0,0,0,0,0,0,0,0,0,0,0,0,0,0,0,0,0,0,0,0,0,0,0,0,0,0,0,0,2,0,0,0,0,0,0,0,0,0,0,0,0,0,0,0,0,0,0,0,0,0,0,0,0,0,0,0,0,0,2,ZM,-13.133897,27.849332,Zambia,ZMB
Zimbabwe,0,0,0,0,0,0,0,0,0,0,0,0,0,0,3,0,0,0,0,0,0,0,0,0,0,0,0,0,0,0,0,0,0,0,0,0,0,0,0,0,0,0,0,0,0,0,0,0,0,0,0,4,0,0,0,0,0,0,0,0,0,0,0,0,0,0,0,0,0,0,6,ZW,-19.015438,29.154857,Zimbabwe,ZWE
European Union**,23,12,0,0,0,2,17,17,17,17,17,19,5,1,1,14,1,14,0,0,0,3,12,4,7,15,7,1,12,31,30,42,21,9,2,7,42,2,8,6,10,9,3,38,53,1,75,10,3,2,11,21,16,5,6,42,2,0,35,16,30,3,14,10,26,11,18,14,41,22,0,ZZ,30.602278,-44.134617,European Union**,ZXY
Unknown supplier(s),23,12,0,0,0,2,17,17,17,17,17,19,5,1,1,14,1,14,0,0,0,3,12,4,7,15,7,1,12,31,30,42,21,9,2,7,42,2,8,6,10,9,3,38,53,1,75,10,3,2,11,21,16,5,6,42,2,0,35,16,30,3,14,10,26,11,18,14,41,22,984,ZZ,30.602278,-44.134617,Unknown supplier(s),ZZZ
